bot,game,opening_seed,bot_color,result,score,plies,reason,max_bot_ms,max_nokamute_ms,max_depth,total_nodes,last_pv
Lambda,0,842024769,white,timeout,1.0,19,nokamute-timeout,69.68100002268329,240.0218000402674,0,0,
Lambda,1,842024769,black,1-0,0.0,27,surround,19.152299966663122,232.0472999708727,0,0,
Lambda,2,842024770,white,0-1,0.0,32,surround,10.27940004132688,237.50739998649806,0,0,
Lambda,3,842024770,black,1-0,0.0,31,surround,60.410299978684634,235.09629996260628,0,0,
Lambda,4,842024771,white,timeout,1.0,13,nokamute-timeout,12.931200035382062,231.0933999833651,0,0,
Lambda,5,842024771,black,1-0,0.0,63,surround,40.15580000123009,241.94750003516674,0,0,
Lambda,6,842024772,white,0-1,0.0,38,surround,12.751200003549457,236.53809999814257,0,0,
Lambda,7,842024772,black,1-0,0.0,25,surround,61.90610001794994,246.61530001321808,0,0,
Lambda,8,842024773,white,0-1,0.0,30,surround,21.860299981199205,231.19429999496788,0,0,
Lambda,9,842024773,black,1-0,0.0,41,surround,19.19110002927482,234.23949995776638,0,0,
Lambda,10,842024774,white,0-1,0.0,40,surround,57.48279998078942,241.567799996119,0,0,
Lambda,11,842024774,black,timeout,1.0,20,nokamute-timeout,10.679800005163997,235.74630002258345,0,0,
Lambda,12,842024775,white,0-1,0.0,30,surround,13.720799994189292,236.60230002133176,0,0,
Lambda,13,842024775,black,1-0,0.0,27,surround,15.123400022275746,235.58089998550713,0,0,
Lambda,14,842024776,white,timeout,1.0,11,nokamute-timeout,11.055100010707974,230.7499999878928,0,0,
Lambda,15,842024776,black,1-0,0.0,21,surround,14.12870001513511,235.01300002681091,0,0,
Lambda,16,842024777,white,0-1,0.0,36,surround,106.87850002432242,243.4849999845028,0,0,
Lambda,17,842024777,black,1-0,0.0,33,surround,29.720599995926023,231.23480001231655,0,0,
Lambda,18,842024778,white,timeout,1.0,127,nokamute-timeout,46.86579998815432,247.27770005119964,0,0,
Lambda,19,842024778,black,1-0,0.0,27,surround,12.627299991436303,236.04599997634068,0,0,
