bot,game,bot_color,result,score,plies,reason,max_bot_ms,max_mzinga_ms
Alpha,0,white,1/2-1/2,0.5,160,ply-cap,40.17069999827072,0.30369998421519995
Alpha,1,black,0-1,1.0,60,surround,15.815199993085116,0.3171999705955386
Alpha,2,white,1/2-1/2,0.5,160,ply-cap,8.375199977308512,0.256399973295629
Alpha,3,black,1/2-1/2,0.5,160,ply-cap,12.831799976993352,0.44789997627958655
Alpha,4,white,1/2-1/2,0.5,160,ply-cap,12.67670001834631,0.6331999902613461
Alpha,5,black,1/2-1/2,0.5,160,ply-cap,12.260899995453656,0.43000001460313797
Alpha,6,white,1-0,1.0,105,surround,48.357899999246,0.32210000790655613
Alpha,7,black,0-1,1.0,62,surround,10.833900014404207,0.2941000275313854
Alpha,8,white,1-0,1.0,51,surround,11.210799973923713,0.23999996483325958
Alpha,9,black,1/2-1/2,0.5,160,ply-cap,11.488599993754178,0.6359999533742666
Alpha,10,white,1/2-1/2,0.5,160,ply-cap,14.152999967336655,0.27439999394118786
Alpha,11,black,0-1,1.0,60,surround,38.261499954387546,0.12030004290863872
Alpha,12,white,1/2-1/2,0.5,160,ply-cap,9.113399952184409,0.16200001118704677
Alpha,13,black,0-1,1.0,58,surround,8.003099996130913,0.14750001719221473
Alpha,14,white,1-0,1.0,63,surround,7.2604999877512455,0.18049997743219137
Alpha,15,black,0-1,1.0,66,surround,7.0368999731726944,0.11470000026747584
Alpha,16,white,1/2-1/2,0.5,160,ply-cap,7.438400003593415,0.22869999520480633
Alpha,17,black,0-1,1.0,66,surround,40.52149999188259,0.19329995848238468
Alpha,18,white,1-0,1.0,81,surround,8.037200022954494,0.24369999300688505
Alpha,19,black,1/2-1/2,0.5,160,ply-cap,7.622700009960681,0.27600000612437725
Alpha,20,white,1-0,1.0,56,surround,6.5256000380031765,0.1409000251442194
Alpha,21,black,1/2-1/2,0.5,160,ply-cap,7.821800012607127,0.3428999916650355
Alpha,22,white,1/2-1/2,0.5,160,ply-cap,40.97209998872131,0.2655000425875187
Alpha,23,black,0-1,1.0,62,surround,7.861600024625659,0.13150001177564263
Alpha,24,white,1/2-1/2,0.5,160,ply-cap,7.9552000388503075,0.23629999486729503
Alpha,25,black,1/2-1/2,0.5,160,ply-cap,7.068199978675693,0.28799998108297586
Alpha,26,white,1/2-1/2,0.5,160,ply-cap,37.217100034467876,0.2823999966494739
Alpha,27,black,0-1,1.0,50,surround,6.585199967958033,0.1507000415585935
Alpha,28,white,1/2-1/2,0.5,160,ply-cap,6.474900001194328,0.28929999098181725
Alpha,29,black,0-1,1.0,32,surround,8.115200034808367,0.08120003622025251
Alpha,30,white,1-0,1.0,15,surround,6.42280001193285,0.061700004152953625
Alpha,31,black,0-1,1.0,54,surround,39.34859996661544,0.10740000288933516
Alpha,32,white,1/2-1/2,0.5,160,ply-cap,7.924600038677454,0.208800018299371
Alpha,33,black,1/2-1/2,0.5,160,ply-cap,8.450200024526566,0.2937999670393765
Alpha,34,white,1-0,1.0,22,surround,10.595500003546476,0.21899997955188155
Alpha,35,black,1/2-1/2,0.5,160,ply-cap,8.326300012413412,0.2639999729581177
Alpha,36,white,1-0,1.0,41,surround,14.471200003754348,0.2859999658539891
Alpha,37,black,0-1,1.0,24,surround,13.527499977499247,0.228899996727705
Alpha,38,white,1-0,1.0,85,surround,87.147600017488,0.2992000081576407
Alpha,39,black,1/2-1/2,0.5,160,ply-cap,9.189200005494058,0.2873000339604914
Alpha,40,white,1-0,1.0,82,surround,7.120999973267317,0.17779995687305927
Alpha,41,black,1/2-1/2,0.5,160,ply-cap,8.34000000031665,0.18919998547062278
Alpha,42,white,1/2-1/2,0.5,160,ply-cap,11.397800000850111,0.248699972871691
Alpha,43,black,0-1,1.0,74,surround,43.56179997557774,0.2829000004567206
Alpha,44,white,1-0,1.0,73,surround,9.928299987223,0.23970002075657248
Alpha,45,black,0-1,1.0,66,surround,8.518600021488965,0.2392000169493258
Alpha,46,white,1/2-1/2,0.5,160,ply-cap,8.73099995078519,0.5659000016748905
Alpha,47,black,0-1,1.0,74,surround,7.740099972579628,0.3375000087544322
Alpha,48,white,1-0,1.0,59,surround,47.74000000907108,0.2087999600917101
Alpha,49,black,1/2-1/2,0.5,160,ply-cap,9.079999988898635,0.3569999826140702
Beta,0,white,1/2-1/2,0.5,160,ply-cap,48.292000021319836,0.48439996317029
Beta,1,black,1/2-1/2,0.5,160,ply-cap,9.556000004522502,0.22829999215900898
Beta,2,white,1/2-1/2,0.5,160,ply-cap,7.4748999904841185,0.25069998810067773
Beta,3,black,1/2-1/2,0.5,160,ply-cap,7.6834000064991415,0.44839998008683324
Beta,4,white,1/2-1/2,0.5,160,ply-cap,41.064999997615814,0.1846000086516142
Beta,5,black,0-1,1.0,27,surround,12.016900000162423,0.22300001000985503
Beta,6,white,1/2-1/2,0.5,160,ply-cap,11.386700032744557,0.26999996043741703
Beta,7,black,0-1,1.0,13,surround,5.210400035139173,0.1427999814040959
Beta,8,white,1-0,1.0,53,surround,7.087499951012433,0.29229995561763644
Beta,9,black,1/2-1/2,0.5,160,ply-cap,6.556300038937479,0.40410005021840334
Beta,10,white,1/2-1/2,0.5,160,ply-cap,41.24449996743351,0.3394000232219696
Beta,11,black,1/2-1/2,0.5,160,ply-cap,6.707799970172346,0.21090003428980708
Beta,12,white,1-0,1.0,23,surround,7.66440003644675,0.4987999564036727
Beta,13,black,0-1,1.0,54,surround,10.1653000456281,0.22409996017813683
Beta,14,white,1-0,1.0,17,surround,8.131599985063076,0.18909998470917344
Beta,15,black,0-1,1.0,56,surround,8.788500039372593,0.2278000465594232
Beta,16,white,1-0,1.0,26,surround,6.92800001706928,0.1145999995060265
Beta,17,black,0-1,1.0,66,surround,38.73650002060458,0.18669996643438935
Beta,18,white,1/2-1/2,0.5,160,ply-cap,10.657400009222329,0.2500999835319817
Beta,19,black,0-1,1.0,86,surround,7.52660003490746,0.1414999715052545
Beta,20,white,1/2-1/2,0.5,160,ply-cap,9.715199994388968,1.2407000176608562
Beta,21,black,1/2-1/2,0.5,160,ply-cap,10.595400002785027,0.45980000868439674
Beta,22,white,1/2-1/2,0.5,160,ply-cap,14.660999993793666,1.18680001469329
Beta,23,black,0-1,1.0,66,surround,52.15669999597594,0.4233999643474817
Beta,24,white,1/2-1/2,0.5,160,ply-cap,14.116099977400154,0.5431000026874244
Beta,25,black,0-1,1.0,80,surround,7.655099965631962,0.19069999689236283
Beta,26,white,1-0,1.0,22,surround,5.689900019206107,0.10699999984353781
Beta,27,black,0-1,1.0,52,surround,8.947900030761957,0.18289999570697546
Beta,28,white,1/2-1/2,0.5,160,ply-cap,39.4230000092648,0.3228000132367015
Beta,29,black,1/2-1/2,0.5,160,ply-cap,9.02749999659136,0.3209999995306134
Beta,30,white,1-0,1.0,15,surround,6.243099982384592,0.10159995872527361
Beta,31,black,1/2-1/2,0.5,160,ply-cap,7.974700012709945,0.2682999474927783
Beta,32,white,1/2-1/2,0.5,160,ply-cap,7.15319998562336,0.2975999959744513
Beta,33,black,1/2-1/2,0.5,160,ply-cap,8.79029999487102,0.2452000044286251
Beta,34,white,1-0,1.0,31,surround,42.74249996524304,0.3606000100262463
Beta,35,black,0-1,1.0,76,surround,7.527500041760504,0.4194000503048301
Beta,36,white,1/2-1/2,0.5,160,ply-cap,9.454999992158264,0.6649999995715916
Beta,37,black,1/2-1/2,0.5,160,ply-cap,6.741999997757375,0.2758000046014786
Beta,38,white,1-0,1.0,47,surround,8.22000001790002,0.16709999181330204
Beta,39,black,0-1,1.0,50,surround,7.70719995489344,0.27279998175799847
Beta,40,white,1-0,1.0,55,surround,40.611599979456514,0.9042000165209174
Beta,41,black,1/2-1/2,0.5,160,ply-cap,7.742699992377311,0.21949998335912824
Beta,42,white,1-0,1.0,77,surround,8.37990001309663,0.15809998149052262
Beta,43,black,0-1,1.0,97,surround,26.42609999747947,0.14489999739453197
Beta,44,white,1/2-1/2,0.5,160,ply-cap,38.13200001604855,0.44299999717622995
Beta,45,black,1/2-1/2,0.5,160,ply-cap,8.40079999761656,0.3293000045232475
Beta,46,white,1/2-1/2,0.5,160,ply-cap,14.545299985911697,0.39010000182315707
Beta,47,black,0-1,1.0,55,surround,12.62029999634251,0.5816000048071146
Beta,48,white,1-0,1.0,59,surround,11.081399978138506,0.40520000038668513
Beta,49,black,0-1,1.0,76,surround,41.57200001645833,0.2930000191554427
Gamma,0,white,1-0,1.0,79,surround,37.983300047926605,0.14359998749569058
Gamma,1,black,1/2-1/2,0.5,160,ply-cap,10.90009999461472,0.4759000148624182
Gamma,2,white,1-0,1.0,65,surround,17.873200005851686,0.4572999896481633
Gamma,3,black,0-1,1.0,76,surround,14.557099959347397,0.6911000236868858
Gamma,4,white,1/2-1/2,0.5,160,ply-cap,9.702800016384572,0.41609996696934104
Gamma,5,black,1/2-1/2,0.5,160,ply-cap,44.565899996086955,0.5543000297620893
Gamma,6,white,1/2-1/2,0.5,160,ply-cap,13.639099954161793,0.31289999606087804
Gamma,7,black,1/2-1/2,0.5,160,ply-cap,15.581400017254055,0.8716000011190772
Gamma,8,white,1/2-1/2,0.5,160,ply-cap,12.155700009316206,0.3037999849766493
Gamma,9,black,1/2-1/2,0.5,160,ply-cap,10.184799961280078,0.37649995647370815
Gamma,10,white,1/2-1/2,0.5,160,ply-cap,51.25940003199503,0.4040999920107424
Gamma,11,black,0-1,1.0,70,surround,11.880500009283423,0.2937999670393765
Gamma,12,white,1/2-1/2,0.5,160,ply-cap,16.099900007247925,0.5126000032760203
Gamma,13,black,0-1,1.0,53,surround,10.217699978966266,0.21590001415461302
Gamma,14,white,1-0,1.0,17,surround,6.721500016283244,0.09570003021508455
Gamma,15,black,0-1,1.0,74,surround,8.087900001555681,0.13290002243593335
Gamma,16,white,1/2-1/2,0.5,160,ply-cap,38.13930001342669,0.3869000356644392
Gamma,17,black,0-1,1.0,66,surround,7.884400023613125,0.2586999908089638
Gamma,18,white,1/2-1/2,0.5,160,ply-cap,15.569599985610694,0.2665999927558005
Gamma,19,black,1/2-1/2,0.5,160,ply-cap,7.152899983339012,0.2319000195711851
Gamma,20,white,1/2-1/2,0.5,160,ply-cap,8.0479999887757,0.20369997946545482
Gamma,21,black,1/2-1/2,0.5,160,ply-cap,45.76099995756522,0.4140000091865659
Gamma,22,white,1-0,1.0,67,surround,14.998500002548099,0.332099967636168
Gamma,23,black,0-1,1.0,66,surround,12.09279999602586,0.21079997532069683
Gamma,24,white,1/2-1/2,0.5,160,ply-cap,21.051599993370473,0.32490002922713757
Gamma,25,black,1/2-1/2,0.5,160,ply-cap,12.137499987147748,0.4243000294081867
Gamma,26,white,1/2-1/2,0.5,160,ply-cap,42.21699998015538,0.47289999201893806
Gamma,27,black,0-1,1.0,58,surround,14.653399994131178,0.3139000036753714
Gamma,28,white,1/2-1/2,0.5,160,ply-cap,11.318899982143193,0.44430000707507133
Gamma,29,black,1/2-1/2,0.5,160,ply-cap,14.136200014036149,0.3732999903149903
Gamma,30,white,1-0,1.0,14,surround,36.25319997081533,0.09190000128000975
Gamma,31,black,1/2-1/2,0.5,160,ply-cap,10.734500014223158,0.6420999998226762
Gamma,32,white,1-0,1.0,35,surround,10.427800007164478,0.13939995551481843
Gamma,33,black,1/2-1/2,0.5,160,ply-cap,19.022000022232533,0.6788999889977276
Gamma,34,white,1/2-1/2,0.5,160,ply-cap,12.685999972745776,0.2953999792225659
Gamma,35,black,0-1,1.0,18,surround,9.5815000240691,0.45900000259280205
Gamma,36,white,1/2-1/2,0.5,160,ply-cap,50.682100001722574,0.3863000310957432
Gamma,37,black,0-1,1.0,58,surround,11.521600012201816,0.3094999701716006
Gamma,38,white,1-0,1.0,64,surround,7.868200016673654,0.24879997363314033
Gamma,39,black,1/2-1/2,0.5,160,ply-cap,7.234299962874502,0.20810001296922565
Gamma,40,white,1-0,1.0,67,surround,36.175600020214915,0.38759998278692365
Gamma,41,black,1/2-1/2,0.5,160,ply-cap,9.300499979872257,0.32380002085119486
Gamma,42,white,1/2-1/2,0.5,160,ply-cap,13.17590003600344,0.2885999856516719
Gamma,43,black,0-1,1.0,70,surround,19.421799981500953,0.5139999557286501
Gamma,44,white,1-0,1.0,53,surround,17.290100047830492,0.5210999515838921
Gamma,45,black,1/2-1/2,0.5,160,ply-cap,50.32139999093488,0.37910003447905183
Gamma,46,white,1/2-1/2,0.5,160,ply-cap,10.301199974492192,0.45759999193251133
Gamma,47,black,0-1,1.0,66,surround,15.502900001592934,0.28950005071237683
Gamma,48,white,1-0,1.0,73,surround,12.342199974227697,0.30399998649954796
Gamma,49,black,1/2-1/2,0.5,160,ply-cap,10.218100040219724,0.3527000080794096
Delta,0,white,1/2-1/2,0.5,160,ply-cap,74.04450001195073,3.048799990210682
Delta,1,black,1/2-1/2,0.5,160,ply-cap,14.482399972621351,0.6753000197932124
Delta,2,white,1-0,1.0,61,surround,14.743899984750897,0.3630999708548188
Delta,3,black,0-1,1.0,52,surround,16.300100018270314,0.4208000027574599
Delta,4,white,1/2-1/2,0.5,160,ply-cap,52.240799996070564,0.3882000455632806
Delta,5,black,0-1,1.0,27,surround,17.48890004819259,0.28959999326616526
Delta,6,white,1-0,1.0,71,surround,12.033100007101893,0.1438999897800386
Delta,7,black,0-1,1.0,13,surround,6.813400017563254,0.15009997878223658
Delta,8,white,1-0,1.0,27,surround,6.851799960713834,0.3349999897181988
Delta,9,black,1/2-1/2,0.5,160,ply-cap,9.053200017660856,0.4828000091947615
Delta,10,white,1-0,1.0,61,surround,41.61230003228411,0.3160000196658075
Delta,11,black,1/2-1/2,0.5,160,ply-cap,17.62380002764985,0.3625000244937837
Delta,12,white,1/2-1/2,0.5,160,ply-cap,11.109500017482787,0.40880002779886127
Delta,13,black,0-1,1.0,50,surround,15.740300004836172,0.28849998489022255
Delta,14,white,1-0,1.0,63,surround,15.064300037920475,0.20980002591386437
Delta,15,black,1/2-1/2,0.5,160,ply-cap,14.753600000403821,0.3196000470779836
Delta,16,white,1/2-1/2,0.5,160,ply-cap,54.368200013414025,0.5052000051364303
Delta,17,black,0-1,1.0,64,surround,13.312799972482026,0.3393999650143087
Delta,18,white,1/2-1/2,0.5,160,ply-cap,10.023499955423176,0.5106000462546945
Delta,19,black,1/2-1/2,0.5,160,ply-cap,14.054199971724302,0.3079999587498605
Delta,20,white,1-0,1.0,59,surround,51.04890000075102,0.4322000313550234
Delta,21,black,1/2-1/2,0.5,160,ply-cap,10.641800006851554,0.8604000322520733
Delta,22,white,1-0,1.0,59,surround,12.180000019725412,0.5046000005677342
Delta,23,black,0-1,1.0,52,surround,17.10080000339076,0.28899998869746923
Delta,24,white,1-0,1.0,49,surround,21.426599996630102,0.30230003176257014
Delta,25,black,0-1,1.0,80,surround,44.647499977145344,0.4319000290706754
Delta,26,white,1/2-1/2,0.5,160,ply-cap,14.52580001205206,0.534699996933341
Delta,27,black,1/2-1/2,0.5,160,ply-cap,11.662799981422722,0.48639997839927673
Delta,28,white,1-0,1.0,61,surround,12.16699997894466,0.6868999917060137
Delta,29,black,1/2-1/2,0.5,160,ply-cap,20.075300009921193,0.4847000236622989
Delta,30,white,1-0,1.0,52,surround,55.51169998943806,0.8299000328406692
Delta,31,black,1/2-1/2,0.5,160,ply-cap,15.677399991545826,0.3960999893024564
Delta,32,white,1-0,1.0,53,surround,12.529800005722791,0.17449998995289207
Delta,33,black,1/2-1/2,0.5,160,ply-cap,12.338200001977384,0.4476999747566879
Delta,34,white,1/2-1/2,0.5,160,ply-cap,13.332200003787875,0.25729998014867306
Delta,35,black,0-1,1.0,54,surround,12.29739998234436,0.22039999021217227
Delta,36,white,1/2-1/2,0.5,160,ply-cap,45.14479998033494,0.29739999445155263
Delta,37,black,1/2-1/2,0.5,160,ply-cap,11.117200017906725,0.2997000119648874
Delta,38,white,1/2-1/2,0.5,160,ply-cap,8.652999997138977,0.32970000756904483
Delta,39,black,1/2-1/2,0.5,160,ply-cap,16.609699989203364,0.6656000041402876
Delta,40,white,1-0,1.0,54,surround,11.372499982826412,0.8896999643184245
Delta,41,black,1/2-1/2,0.5,160,ply-cap,79.22449999023229,0.9985999786294997
Delta,42,white,1/2-1/2,0.5,160,ply-cap,16.850000014528632,0.6280000088736415
Delta,43,black,0-1,1.0,60,surround,8.986500033643097,0.22489996626973152
Delta,44,white,1-0,1.0,35,surround,16.85040001757443,0.3465000190772116
Delta,45,black,1/2-1/2,0.5,160,ply-cap,14.243699959479272,1.0236999951303005
Delta,46,white,1-0,1.0,79,surround,47.14879998937249,0.5184999899938703
Delta,47,black,0-1,1.0,67,surround,12.589399993885309,0.3257999778725207
Delta,48,white,1-0,1.0,59,surround,10.7475999975577,0.3066000062972307
Delta,49,black,0-1,1.0,76,surround,13.529399991966784,0.3336999798193574
Epsilon,0,white,1/2-1/2,0.5,160,ply-cap,52.59390000719577,0.2223999472334981
Epsilon,1,black,1/2-1/2,0.5,160,ply-cap,13.3907999843359,0.37379999412223697
Epsilon,2,white,1-0,1.0,55,surround,13.269600050989538,0.2788000274449587
Epsilon,3,black,0-1,1.0,76,surround,17.198899993672967,0.5077999667264521
Epsilon,4,white,1-0,1.0,53,surround,17.287900031078607,0.5007999716326594
Epsilon,5,black,1/2-1/2,0.5,160,ply-cap,49.462600029073656,0.714800029527396
Epsilon,6,white,1-0,1.0,55,surround,7.9629000392742455,0.1789000234566629
Epsilon,7,black,1/2-1/2,0.5,160,ply-cap,10.187799984123558,0.28420001035556197
Epsilon,8,white,1/2-1/2,0.5,160,ply-cap,13.96710000699386,0.4453000146895647
Epsilon,9,black,0-1,1.0,52,surround,15.269499970600009,0.27710001450031996
Epsilon,10,white,1/2-1/2,0.5,160,ply-cap,9.875599993392825,0.37510000402107835
Epsilon,11,black,1/2-1/2,0.5,160,ply-cap,11.235499987378716,0.417600036598742
Epsilon,12,white,1/2-1/2,0.5,160,ply-cap,57.55590001353994,0.3329000319354236
Epsilon,13,black,0-1,1.0,53,surround,15.342500002589077,0.6257999921217561
Epsilon,14,white,1-0,1.0,14,surround,9.689600032288581,0.20619999850168824
Epsilon,15,black,0-1,1.0,53,surround,14.74790001520887,0.34389999927952886
Epsilon,16,white,1-0,1.0,57,surround,15.65170002868399,0.5313999718055129
Epsilon,17,black,1/2-1/2,0.5,160,ply-cap,12.635899998713285,0.3766999579966068
Epsilon,18,white,1/2-1/2,0.5,160,ply-cap,54.02219999814406,0.43730001198127866
Epsilon,19,black,0-1,1.0,57,surround,8.389699971303344,0.22769998759031296
Epsilon,20,white,1-0,1.0,59,surround,19.015399971976876,0.3494999837130308
Epsilon,21,black,1/2-1/2,0.5,160,ply-cap,14.887799974530935,0.4428999964147806
Epsilon,22,white,1/2-1/2,0.5,160,ply-cap,17.578499973751605,0.5724999937228858
Epsilon,23,black,1/2-1/2,0.5,160,ply-cap,61.87380000483245,0.34690002212300897
Epsilon,24,white,1/2-1/2,0.5,160,ply-cap,7.787099981214851,0.47560001257807016
Epsilon,25,black,1/2-1/2,0.5,160,ply-cap,10.231500025838614,0.3662999952211976
Epsilon,26,white,1-0,1.0,50,surround,20.06539999274537,0.2911000046879053
Epsilon,27,black,0-1,1.0,58,surround,20.569500047713518,0.2658999874256551
Epsilon,28,white,1-0,1.0,76,surround,46.26279999502003,0.5354000022634864
Epsilon,29,black,0-1,1.0,56,surround,11.51500002015382,7.4961999780498445
Epsilon,30,white,1-0,1.0,20,surround,7.021399971563369,0.09869999485090375
Epsilon,31,black,1/2-1/2,0.5,160,ply-cap,14.42650001263246,0.46410004142671824
Epsilon,32,white,1-0,1.0,57,surround,16.83400000911206,0.37839997094124556
Epsilon,33,black,0-1,1.0,68,surround,12.819800002034754,0.24670001585036516
Epsilon,34,white,1/2-1/2,0.5,160,ply-cap,55.26249995455146,0.40249997982755303
Epsilon,35,black,0-1,1.0,64,surround,14.825500024016947,0.35749998642131686
Epsilon,36,white,1/2-1/2,0.5,160,ply-cap,15.12719999300316,0.6085000350140035
Epsilon,37,black,0-1,1.0,52,surround,13.28430004650727,0.27689995476976037
Epsilon,38,white,1/2-1/2,0.5,160,ply-cap,15.41910000378266,0.4067000118084252
Epsilon,39,black,0-1,1.0,70,surround,45.39220000151545,0.348400033544749
Epsilon,40,white,1-0,1.0,46,surround,15.6501000165008,0.2862000255845487
Epsilon,41,black,1/2-1/2,0.5,160,ply-cap,15.81149996491149,0.271500030066818
Epsilon,42,white,1-0,1.0,21,surround,10.710000002291054,0.16150000737980008
Epsilon,43,black,0-1,1.0,37,surround,10.733600007370114,0.23860001238062978
Epsilon,44,white,1/2-1/2,0.5,160,ply-cap,63.7533999979496,0.6036999984644353
Epsilon,45,black,1/2-1/2,0.5,160,ply-cap,14.78940004017204,0.3448999486863613
Epsilon,46,white,1/2-1/2,0.5,160,ply-cap,10.352199955377728,0.38649997441098094
Epsilon,47,black,0-1,1.0,67,surround,16.09469996765256,0.5624000332318246
Epsilon,48,white,1-0,1.0,59,surround,14.19670000905171,0.16679998952895403
Epsilon,49,black,0-1,1.0,70,surround,43.89380000066012,0.2623000182211399
Zeta,0,white,1/2-1/2,0.5,160,ply-cap,44.59060000954196,0.2820999943651259
Zeta,1,black,0-1,1.0,66,surround,10.996100027114153,0.11399999493733048
Zeta,2,white,1/2-1/2,0.5,160,ply-cap,10.64379996387288,0.35449996357783675
Zeta,3,black,0-1,1.0,72,surround,14.349900011438876,0.3391000209376216
Zeta,4,white,1/2-1/2,0.5,160,ply-cap,14.811500033829361,0.4045999958179891
Zeta,5,black,0-1,1.0,76,surround,50.372199970297515,0.3106000367552042
Zeta,6,white,1/2-1/2,0.5,160,ply-cap,14.767599990591407,0.5118999979458749
Zeta,7,black,1/2-1/2,0.5,160,ply-cap,9.682900039479136,0.4949999856762588
Zeta,8,white,1-0,1.0,55,surround,15.033000032417476,0.4013000288978219
Zeta,9,black,0-1,1.0,54,surround,17.410599975846708,0.4031999851576984
Zeta,10,white,1/2-1/2,0.5,160,ply-cap,12.436099990736693,0.46660000225529075
Zeta,11,black,1/2-1/2,0.5,160,ply-cap,18.179000006057322,0.31350000062957406
Zeta,12,white,1-0,1.0,55,surround,15.94799995655194,0.43730001198127866
Zeta,13,black,0-1,1.0,56,surround,44.201500015333295,0.4827000084333122
Zeta,14,white,1/2-1/2,0.5,160,ply-cap,9.26610000897199,0.5015999777242541
Zeta,15,black,1/2-1/2,0.5,160,ply-cap,10.240500036161393,0.34359999699518085
Zeta,16,white,1-0,1.0,64,surround,7.564100029412657,0.2264000358991325
Zeta,17,black,0-1,1.0,66,surround,7.154899998567998,0.23809995036572218
Zeta,18,white,1/2-1/2,0.5,160,ply-cap,39.90979999070987,0.6255999905988574
Zeta,19,black,0-1,1.0,57,surround,8.05840000975877,0.12260000221431255
Zeta,20,white,1/2-1/2,0.5,160,ply-cap,7.803799991961569,0.47800003085285425
Zeta,21,black,1/2-1/2,0.5,160,ply-cap,8.412799972575158,0.3769000177271664
Zeta,22,white,1-0,1.0,67,surround,15.488200006075203,0.42290001874789596
Zeta,23,black,1/2-1/2,0.5,160,ply-cap,47.91630001273006,0.5639999872073531
Zeta,24,white,1/2-1/2,0.5,160,ply-cap,12.51349999802187,0.32709998777136207
Zeta,25,black,1/2-1/2,0.5,160,ply-cap,11.45579997682944,0.4188999882899225
Zeta,26,white,1-0,1.0,50,surround,10.133900039363652,0.17740001203492284
Zeta,27,black,0-1,1.0,58,surround,12.670899974182248,0.2982000005431473
Zeta,28,white,1/2-1/2,0.5,160,ply-cap,43.75009995419532,0.27269998099654913
Zeta,29,black,1/2-1/2,0.5,160,ply-cap,12.464400031603873,0.6220000213943422
Zeta,30,white,1-0,1.0,52,surround,12.075899983756244,0.28820004081353545
Zeta,31,black,1/2-1/2,0.5,160,ply-cap,14.120200008619577,0.6258999928832054
Zeta,32,white,1-0,1.0,59,surround,22.898699971847236,0.5240999744273722
Zeta,33,black,0-1,1.0,90,surround,55.4559999727644,0.4335999838076532
Zeta,34,white,1-0,1.0,65,surround,12.883499963209033,0.39989996002987027
Zeta,35,black,0-1,1.0,66,surround,10.182400001212955,0.20030001178383827
Zeta,36,white,1/2-1/2,0.5,160,ply-cap,13.658699986990541,0.5341999931260943
Zeta,37,black,1/2-1/2,0.5,160,ply-cap,45.69739999715239,0.3839999553747475
Zeta,38,white,1-0,1.0,85,surround,10.634100006427616,0.34030003007501364
Zeta,39,black,0-1,1.0,50,surround,16.10040001105517,0.8824999677017331
Zeta,40,white,1/2-1/2,0.5,160,ply-cap,12.20260001718998,0.42749999556690454
Zeta,41,black,1/2-1/2,0.5,160,ply-cap,17.043600033503026,0.42400002712383866
Zeta,42,white,1/2-1/2,0.5,160,ply-cap,15.280399995390326,1.0083999950438738
Zeta,43,black,0-1,1.0,37,surround,52.83420003252104,0.2516999957151711
Zeta,44,white,1/2-1/2,0.5,160,ply-cap,13.296300021465868,0.30610000248998404
Zeta,45,black,1/2-1/2,0.5,160,ply-cap,13.848699978552759,0.5450000171549618
Zeta,46,white,1/2-1/2,0.5,160,ply-cap,14.866899990011007,0.29739999445155263
Zeta,47,black,1/2-1/2,0.5,160,ply-cap,10.615300037898123,0.5530999624170363
Zeta,48,white,1/2-1/2,0.5,160,ply-cap,54.355000029318035,0.34629995934665203
Zeta,49,black,1/2-1/2,0.5,160,ply-cap,13.271100004203618,0.43700000969693065
Eta,0,white,1-0,1.0,54,surround,38.91159995691851,0.36449998151510954
Eta,1,black,1/2-1/2,0.5,160,ply-cap,11.367600003723055,0.556900049559772
Eta,2,white,1/2-1/2,0.5,160,ply-cap,8.635699981823564,0.37679995875805616
Eta,3,black,1/2-1/2,0.5,160,ply-cap,10.444800020195544,0.30399998649954796
Eta,4,white,1-0,1.0,52,surround,71.50849996833131,0.28440001187846065
Eta,5,black,0-1,1.0,54,surround,21.834000013768673,0.3353999927639961
Eta,6,white,1/2-1/2,0.5,160,ply-cap,12.589999998454005,0.4761999589391053
Eta,7,black,0-1,1.0,62,surround,15.056599979288876,0.42240001494064927
Eta,8,white,1-0,1.0,55,surround,13.887999986764044,0.23740000324323773
Eta,9,black,0-1,1.0,111,surround,15.418399998452514,0.32110000029206276
Eta,10,white,1-0,1.0,59,surround,50.630000012461096,0.6125000072643161
Eta,11,black,0-1,1.0,55,surround,12.808099971152842,0.9948000079020858
Eta,12,white,1/2-1/2,0.5,160,ply-cap,16.11099997535348,0.4265999887138605
Eta,13,black,0-1,1.0,22,surround,9.333299996796995,0.18179998733103275
Eta,14,white,1-0,1.0,51,surround,12.845700024627149,0.2077000099234283
Eta,15,black,0-1,1.0,58,surround,16.46489999257028,0.5187999922782183
Eta,16,white,1/2-1/2,0.5,160,ply-cap,41.28589999163523,0.3252000315114856
Eta,17,black,0-1,1.0,20,surround,17.882500018458813,0.4676000098697841
Eta,18,white,1-0,1.0,71,surround,16.31239999551326,0.6059000152163208
Eta,19,black,1/2-1/2,0.5,160,ply-cap,24.654200009535998,0.36539998836815357
Eta,20,white,1/2-1/2,0.5,160,ply-cap,47.96209995402023,0.5743000074289739
Eta,21,black,0-1,1.0,62,surround,14.777300006244332,0.22709998302161694
Eta,22,white,1-0,1.0,51,surround,14.893500017933547,0.3068000078201294
Eta,23,black,0-1,1.0,57,surround,15.399100026115775,0.30720001086592674
Eta,24,white,1/2-1/2,0.5,160,ply-cap,14.653400052338839,0.8052999619394541
Eta,25,black,1/2-1/2,0.5,160,ply-cap,71.5860000345856,0.39270002162083983
Eta,26,white,1/2-1/2,0.5,160,ply-cap,22.873400012031198,0.3945999778807163
Eta,27,black,1/2-1/2,0.5,160,ply-cap,44.82159996405244,0.23450003936886787
Eta,28,white,1-0,1.0,87,surround,17.09199999459088,0.31400000443682075
Eta,29,black,1/2-1/2,0.5,160,ply-cap,13.674499990884215,0.4498999915085733
Eta,30,white,1-0,1.0,51,surround,18.72460002778098,0.20359997870400548
Eta,31,black,0-1,1.0,61,surround,36.15430003264919,0.20060001406818628
Eta,32,white,1/2-1/2,0.5,160,ply-cap,10.628299962263554,0.18850003834813833
Eta,33,black,0-1,1.0,59,surround,9.395000000949949,0.14059996465221047
Eta,34,white,1/2-1/2,0.5,160,ply-cap,9.86310001462698,0.2738999901339412
Eta,35,black,1/2-1/2,0.5,160,ply-cap,9.529399976599962,0.4501999937929213
Eta,36,white,1-0,1.0,61,surround,12.904400005936623,0.3922999603673816
Eta,37,black,0-1,1.0,51,surround,13.494000013452023,0.11580000864341855
Eta,38,white,1-0,1.0,79,surround,50.83429999649525,0.29739999445155263
Eta,39,black,0-1,1.0,62,surround,9.681600029580295,0.13110000872984529
Eta,40,white,1-0,1.0,50,surround,10.760999983176589,0.2683000057004392
Eta,41,black,0-1,1.0,54,surround,11.041900026611984,0.15760003589093685
Eta,42,white,1/2-1/2,0.5,160,ply-cap,10.390900017227978,0.374099996406585
Eta,43,black,1/2-1/2,0.5,160,ply-cap,38.624900043942034,0.3445000038482249
Eta,44,white,1-0,1.0,53,surround,11.912400019355118,0.35310001112520695
Eta,45,black,0-1,1.0,70,surround,9.883199993055314,1.9848000374622643
Eta,46,white,1/2-1/2,0.5,160,ply-cap,12.534999987110496,0.30230003176257014
Eta,47,black,0-1,1.0,56,surround,39.2489000223577,0.16799999866634607
Eta,48,white,1/2-1/2,0.5,160,ply-cap,15.416599984746426,0.36369997542351484
Eta,49,black,1/2-1/2,0.5,160,ply-cap,17.00739999068901,0.5928999744355679
Theta,0,white,1/2-1/2,0.5,160,ply-cap,38.93109998898581,0.16220001270994544
Theta,1,black,1/2-1/2,0.5,160,ply-cap,14.276100031565875,0.5064000142738223
Theta,2,white,1/2-1/2,0.5,160,ply-cap,10.224999976344407,0.1900000497698784
Theta,3,black,0-1,1.0,135,surround,10.654599987901747,0.26840000646188855
Theta,4,white,1-0,1.0,75,surround,9.282500017434359,0.17449998995289207
Theta,5,black,1/2-1/2,0.5,160,ply-cap,13.920500001404434,0.5463000270538032
Theta,6,white,1-0,1.0,60,surround,43.999799992889166,0.0847000046633184
Theta,7,black,0-1,1.0,60,surround,7.717000029515475,0.1238000113517046
Theta,8,white,1-0,1.0,55,surround,12.51510001020506,0.1343999756500125
Theta,9,black,0-1,1.0,54,surround,9.73260001046583,0.13430003309622407
Theta,10,white,1/2-1/2,0.5,160,ply-cap,9.49849997414276,0.139000010676682
Theta,11,black,1/2-1/2,0.5,160,ply-cap,30.266599962487817,0.34520000917837024
Theta,12,white,1/2-1/2,0.5,160,ply-cap,41.14569997182116,0.2381000085733831
Theta,13,black,0-1,1.0,51,surround,9.680300019681454,0.11490000179037452
Theta,14,white,1-0,1.0,50,surround,16.486299980897456,0.16820000018924475
Theta,15,black,0-1,1.0,65,surround,9.155500039923936,0.14759995974600315
Theta,16,white,1-0,1.0,56,surround,12.711299990769476,0.2569000353105366
Theta,17,black,1/2-1/2,0.5,160,ply-cap,47.76530002709478,0.4233999643474817
Theta,18,white,1-0,1.0,52,surround,9.954400011338294,1.1085000005550683
Theta,19,black,1/2-1/2,0.5,160,ply-cap,23.282299982383847,0.3667999990284443
Theta,20,white,1/2-1/2,0.5,160,ply-cap,11.052399990148842,0.15659997006878257
Theta,21,black,1/2-1/2,0.5,160,ply-cap,46.78340000100434,0.2319000195711851
Theta,22,white,1/2-1/2,0.5,160,ply-cap,10.651600023265928,0.18829997861757874
Theta,23,black,1/2-1/2,0.5,160,ply-cap,8.73570004478097,0.16950001008808613
Theta,24,white,1-0,1.0,69,surround,11.570099974051118,0.2829000004567206
Theta,25,black,1/2-1/2,0.5,160,ply-cap,10.933900019153953,1.64309999672696
Theta,26,white,1-0,1.0,57,surround,44.62639999110252,0.15599996550008655
Theta,27,black,1/2-1/2,0.5,160,ply-cap,9.359599964227527,0.5218999576754868
Theta,28,white,1/2-1/2,0.5,160,ply-cap,9.914099995512515,0.21929998183622956
Theta,29,black,1/2-1/2,0.5,160,ply-cap,8.742399979382753,0.3916000132448971
Theta,30,white,1-0,1.0,58,surround,10.973400028888136,0.374700000975281
Theta,31,black,1/2-1/2,0.5,160,ply-cap,37.93019999284297,0.22689998149871826
Theta,32,white,1/2-1/2,0.5,160,ply-cap,7.852200011257082,0.5580999422818422
Theta,33,black,1/2-1/2,0.5,160,ply-cap,17.649199988227338,0.30100002186372876
Theta,34,white,1/2-1/2,0.5,160,ply-cap,6.984800042118877,0.2142000012099743
Theta,35,black,0-1,1.0,58,surround,8.097700017970055,0.20000000949949026
Theta,36,white,1/2-1/2,0.5,160,ply-cap,38.79699995741248,0.1659000408835709
Theta,37,black,0-1,1.0,108,surround,6.411999987903982,0.1154000055976212
Theta,38,white,1/2-1/2,0.5,160,ply-cap,6.774500012397766,0.44870004057884216
Theta,39,black,1/2-1/2,0.5,160,ply-cap,7.178100000601262,0.07309997454285622
Theta,40,white,1/2-1/2,0.5,160,ply-cap,7.323300000280142,0.21949998335912824
Theta,41,black,1/2-1/2,0.5,160,ply-cap,8.51630000397563,0.10070001007989049
Theta,42,white,1/2-1/2,0.5,160,ply-cap,35.261399985756725,0.23800000781193376
Theta,43,black,1/2-1/2,0.5,160,ply-cap,8.667899994179606,0.1849000109359622
Theta,44,white,1/2-1/2,0.5,160,ply-cap,8.499900053720921,0.12829998740926385
Theta,45,black,1/2-1/2,0.5,160,ply-cap,6.894899997860193,0.1680999994277954
Theta,46,white,1/2-1/2,0.5,160,ply-cap,9.721799986436963,0.13780000153928995
Theta,47,black,0-1,1.0,56,surround,5.642300006002188,0.08369999704882503
Theta,48,white,1/2-1/2,0.5,160,ply-cap,35.03209998598322,0.12079998850822449
Theta,49,black,1/2-1/2,0.5,160,ply-cap,10.069300013128668,0.11229998199269176
Iota,0,white,1/2-1/2,0.5,160,ply-cap,36.40839998843148,0.12779998360201716
Iota,1,black,1/2-1/2,0.5,160,ply-cap,9.23040002817288,0.1908999984152615
Iota,2,white,1/2-1/2,0.5,160,ply-cap,10.473100002855062,0.1446999958716333
Iota,3,black,1/2-1/2,0.5,160,ply-cap,6.5392000251449645,0.12209999840706587
Iota,4,white,1/2-1/2,0.5,160,ply-cap,38.20849995827302,0.1993000041693449
Iota,5,black,0-1,1.0,52,surround,7.467399991583079,0.10930001735687256
Iota,6,white,1/2-1/2,0.5,160,ply-cap,6.430000008549541,0.17619994468986988
Iota,7,black,1/2-1/2,0.5,160,ply-cap,6.4721000380814075,0.1488000270910561
Iota,8,white,1/2-1/2,0.5,160,ply-cap,6.708299973979592,0.06970000686123967
Iota,9,black,1/2-1/2,0.5,160,ply-cap,5.133499973453581,0.1680999994277954
Iota,10,white,1/2-1/2,0.5,160,ply-cap,35.12480005156249,0.1762000028975308
Iota,11,black,0-1,1.0,78,surround,6.306700001005083,0.11139997513964772
Iota,12,white,1/2-1/2,0.5,160,ply-cap,8.929300005547702,0.1191999763250351
Iota,13,black,0-1,1.0,27,surround,6.389500049408525,0.10580004891380668
Iota,14,white,1/2-1/2,0.5,160,ply-cap,6.304999988060445,0.23399997735396028
Iota,15,black,0-1,1.0,74,surround,5.953499989118427,0.08800002979114652
Iota,16,white,1/2-1/2,0.5,160,ply-cap,7.45529995765537,0.16280001727864146
Iota,17,black,1/2-1/2,0.5,160,ply-cap,33.86639995733276,0.1403999631293118
Iota,18,white,1/2-1/2,0.5,160,ply-cap,7.053099980112165,0.15430001076310873
Iota,19,black,0-1,1.0,56,surround,6.466299993917346,0.11140003334730864
Iota,20,white,1-0,1.0,21,surround,5.529100017156452,0.07950002327561378
Iota,21,black,1/2-1/2,0.5,160,ply-cap,33.53920002700761,0.09599997429177165
Iota,22,white,1/2-1/2,0.5,160,ply-cap,7.710499980021268,0.2547000185586512
Iota,23,black,1/2-1/2,0.5,160,ply-cap,6.2203999841585755,0.10750000365078449
Iota,24,white,1-0,1.0,65,surround,7.021899975370616,0.09310001041740179
Iota,25,black,0-1,1.0,60,surround,8.285399992018938,0.09999994654208422
Iota,26,white,1-0,1.0,59,surround,36.86990001006052,0.08489994797855616
Iota,27,black,0-1,1.0,51,surround,8.868200005963445,0.13100000796839595
Iota,28,white,1/2-1/2,0.5,160,ply-cap,6.124400009866804,0.24090002989396453
Iota,29,black,1/2-1/2,0.5,160,ply-cap,6.763599987607449,0.21109997760504484
Iota,30,white,1-0,1.0,17,surround,34.366700041573495,0.06940000457689166
Iota,31,black,0-1,1.0,56,surround,6.901399989146739,0.11270004324615002
Iota,32,white,1-0,1.0,55,surround,7.222499989438802,0.3255000337958336
Iota,33,black,0-1,1.0,63,surround,5.467400013003498,0.10639999527484179
Iota,34,white,1-0,1.0,31,surround,8.155999996233732,0.06320001557469368
Iota,35,black,0-1,1.0,54,surround,6.697600008919835,0.0887999776750803
Iota,36,white,1/2-1/2,0.5,160,ply-cap,35.32889997586608,0.25969999842345715
Iota,37,black,0-1,1.0,19,surround,5.459300009533763,0.058500037994235754
Iota,38,white,1-0,1.0,65,surround,6.119299971032888,0.15050004003569484
Iota,39,black,0-1,1.0,86,surround,7.0890000206418335,0.23850001161918044
Iota,40,white,1-0,1.0,57,surround,6.43910001963377,0.35849999403581023
Iota,41,black,0-1,1.0,69,surround,5.818299949169159,0.13930001296103
Iota,42,white,1-0,1.0,51,surround,32.09469997091219,0.05740002961829305
Iota,43,black,1/2-1/2,0.5,160,ply-cap,7.695999986026436,0.19399996381253004
Iota,44,white,1-0,1.0,43,surround,7.577499956823885,0.10330002987757325
Iota,45,black,1/2-1/2,0.5,160,ply-cap,6.314599944744259,0.1438999897800386
Iota,46,white,1-0,1.0,65,surround,36.17310000117868,0.10459998156875372
Iota,47,black,1/2-1/2,0.5,160,ply-cap,5.265499989036471,0.19240000983700156
Iota,48,white,1-0,1.0,32,surround,6.8718999973498285,0.12370001059025526
Iota,49,black,0-1,1.0,58,surround,6.164700025692582,0.5442000110633671
Kappa,0,white,1-0,1.0,62,surround,33.30539999296889,0.1276000402867794
Kappa,1,black,1/2-1/2,0.5,160,ply-cap,8.23029997991398,0.12139999307692051
Kappa,2,white,1/2-1/2,0.5,160,ply-cap,5.494799988809973,0.10459998156875372
Kappa,3,black,0-1,1.0,52,surround,6.517199974041432,0.262899964582175
Kappa,4,white,1-0,1.0,71,surround,9.7103999578394,0.1897999900393188
Kappa,5,black,1/2-1/2,0.5,160,ply-cap,36.406499973963946,0.1802999759092927
Kappa,6,white,1-0,1.0,27,surround,6.854899984318763,0.05199998850002885
Kappa,7,black,0-1,1.0,13,surround,5.3740000003017485,0.0619000056758523
Kappa,8,white,1-0,1.0,67,surround,5.765200010500848,0.11809996794909239
Kappa,9,black,0-1,1.0,47,surround,6.112600036431104,0.08229998638853431
Kappa,10,white,1/2-1/2,0.5,160,ply-cap,6.273399980273098,0.11999998241662979
Kappa,11,black,1/2-1/2,0.5,160,ply-cap,34.89469998748973,0.0990999978967011
Kappa,12,white,1/2-1/2,0.5,160,ply-cap,8.044799964409322,0.1821999903768301
Kappa,13,black,0-1,1.0,54,surround,6.036800041329116,0.09720004163682461
Kappa,14,white,1-0,1.0,21,surround,6.241299968678504,0.05339999916031957
Kappa,15,black,1/2-1/2,0.5,160,ply-cap,6.8042000057175756,0.1317000132985413
Kappa,16,white,1/2-1/2,0.5,160,ply-cap,6.098799989558756,0.15249999705702066
Kappa,17,black,1/2-1/2,0.5,160,ply-cap,39.75449997233227,0.10200001997873187
Kappa,18,white,1/2-1/2,0.5,160,ply-cap,6.638399965595454,0.2530000056140125
Kappa,19,black,1/2-1/2,0.5,160,ply-cap,6.309000018518418,0.16270001651719213
Kappa,20,white,1/2-1/2,0.5,160,ply-cap,7.639700022991747,0.10160001693293452
Kappa,21,black,0-1,1.0,77,surround,5.863099999260157,0.10000000474974513
Kappa,22,white,1-0,1.0,67,surround,32.978300005197525,0.09819999104365706
Kappa,23,black,1/2-1/2,0.5,160,ply-cap,5.769499985035509,0.10639999527484179
Kappa,24,white,1-0,1.0,73,surround,5.9504000237211585,0.07040001219138503
Kappa,25,black,1/2-1/2,0.5,160,ply-cap,7.303599966689944,0.12089998926967382
Kappa,26,white,1-0,1.0,42,surround,7.1696999948471785,0.07840001489967108
Kappa,27,black,0-1,1.0,68,surround,33.50630000932142,0.10830000974237919
Kappa,28,white,1-0,1.0,60,surround,6.286600022576749,0.15979999443516135
Kappa,29,black,1/2-1/2,0.5,160,ply-cap,7.535899989306927,0.17399998614564538
Kappa,30,white,1-0,1.0,14,surround,6.452100002206862,0.046200002543628216
Kappa,31,black,1/2-1/2,0.5,160,ply-cap,7.451599987689406,0.15740003436803818
Kappa,32,white,1/2-1/2,0.5,160,ply-cap,36.105800012592226,0.3768999595195055
Kappa,33,black,1/2-1/2,0.5,160,ply-cap,7.400900009088218,0.12500002048909664
Kappa,34,white,1/2-1/2,0.5,160,ply-cap,9.038500022143126,0.16529997810721397
Kappa,35,black,0-1,1.0,66,surround,7.1664999704808,0.09190000128000975
Kappa,36,white,1-0,1.0,83,surround,9.164399991277605,0.1029000268317759
Kappa,37,black,0-1,1.0,23,surround,5.501200037542731,0.07010000990703702
Kappa,38,white,1/2-1/2,0.5,160,ply-cap,37.197800003923476,0.18770003225654364
Kappa,39,black,0-1,1.0,81,surround,6.450699991546571,0.2429999876767397
Kappa,40,white,1/2-1/2,0.5,160,ply-cap,6.815700035076588,0.09809999028220773
Kappa,41,black,1/2-1/2,0.5,160,ply-cap,7.598199998028576,0.1306000049225986
Kappa,42,white,1-0,1.0,38,surround,6.576600018888712,0.0969000393524766
Kappa,43,black,0-1,1.0,52,surround,39.17070000898093,0.10890001431107521
Kappa,44,white,1/2-1/2,0.5,160,ply-cap,6.501900032162666,0.13499998021870852
Kappa,45,black,1/2-1/2,0.5,160,ply-cap,6.402299972251058,0.1267999759875238
Kappa,46,white,1-0,1.0,63,surround,5.875200033187866,0.08810003055259585
Kappa,47,black,0-1,1.0,67,surround,6.484599958639592,0.13190001482143998
Kappa,48,white,1/2-1/2,0.5,160,ply-cap,38.08279999066144,0.1803000341169536
Kappa,49,black,0-1,1.0,56,surround,8.620199980214238,0.0673000467941165
Lambda,0,white,1/2-1/2,0.5,160,ply-cap,62.85889999708161,0.2627999638207257
Lambda,1,black,0-1,1.0,62,surround,9.595300012733787,0.11359999189153314
Lambda,2,white,1-0,1.0,63,surround,6.626599992159754,0.08049997268244624
Lambda,3,black,1/2-1/2,0.5,160,ply-cap,7.469800009857863,0.11119997361674905
Lambda,4,white,1-0,1.0,80,surround,6.223400007002056,0.15569996321573853
Lambda,5,black,0-1,1.0,30,surround,8.469799999147654,0.0874000252224505
Lambda,6,white,1/2-1/2,0.5,160,ply-cap,37.584599980618805,0.08560001151636243
Lambda,7,black,0-1,1.0,81,surround,11.035099974833429,0.1962999813258648
Lambda,8,white,1-0,1.0,51,surround,7.127599965315312,0.07100001676008105
Lambda,9,black,1/2-1/2,0.5,160,ply-cap,6.452800007537007,0.24880003184080124
Lambda,10,white,1/2-1/2,0.5,160,ply-cap,36.7225999943912,0.13930001296103
Lambda,11,black,1/2-1/2,0.5,160,ply-cap,6.426899984944612,0.20260002929717302
Lambda,12,white,1/2-1/2,0.5,160,ply-cap,8.042799949180335,0.15269999857991934
Lambda,13,black,0-1,1.0,56,surround,6.759900017641485,0.07240002742037177
Lambda,14,white,1-0,1.0,20,surround,5.759600026067346,0.06299995584413409
Lambda,15,black,1/2-1/2,0.5,160,ply-cap,5.763799999840558,0.20060001406818628
Lambda,16,white,1-0,1.0,57,surround,34.49940000427887,0.08420000085607171
Lambda,17,black,0-1,1.0,66,surround,5.900199990719557,0.08160003926604986
Lambda,18,white,1-0,1.0,69,surround,5.759099964052439,0.11570000788196921
Lambda,19,black,0-1,1.0,61,surround,6.267799995839596,0.10460003977641463
Lambda,20,white,1/2-1/2,0.5,160,ply-cap,34.8371000145562,0.11439999798312783
Lambda,21,black,1/2-1/2,0.5,160,ply-cap,6.667100009508431,0.1275999820791185
Lambda,22,white,1-0,1.0,67,surround,5.860499979462475,0.07740000728517771
Lambda,23,black,1/2-1/2,0.5,160,ply-cap,6.155499955639243,0.25430001551285386
Lambda,24,white,1/2-1/2,0.5,160,ply-cap,35.90650000842288,0.1515000476501882
Lambda,25,black,1/2-1/2,0.5,160,ply-cap,8.139099983964115,0.10170001769438386
Lambda,26,white,1-0,1.0,43,surround,7.499800005462021,0.09290000889450312
Lambda,27,black,1/2-1/2,0.5,160,ply-cap,7.214499986730516,0.15879998682066798
Lambda,28,white,1/2-1/2,0.5,160,ply-cap,5.909200001042336,0.132500019390136
Lambda,29,black,1/2-1/2,0.5,160,ply-cap,47.85170004470274,0.20929996389895678
Lambda,30,white,1-0,1.0,32,surround,7.123799994587898,0.05979998968541622
Lambda,31,black,1/2-1/2,0.5,160,ply-cap,7.616100017912686,0.10499998461455107
Lambda,32,white,1-0,1.0,57,surround,6.410200032405555,0.08949998300522566
Lambda,33,black,1/2-1/2,0.5,160,ply-cap,34.59589998237789,0.13130001025274396
Lambda,34,white,1/2-1/2,0.5,160,ply-cap,7.4634000193327665,0.12579996837303042
Lambda,35,black,1/2-1/2,0.5,160,ply-cap,8.112800016533583,0.17860002117231488
Lambda,36,white,1/2-1/2,0.5,160,ply-cap,9.977699955925345,0.2645000349730253
Lambda,37,black,0-1,1.0,52,surround,6.335200043395162,0.1613000058569014
Lambda,38,white,1/2-1/2,0.5,160,ply-cap,34.3890999793075,0.0955999712459743
Lambda,39,black,1/2-1/2,0.5,160,ply-cap,6.214799999725074,0.1632000203244388
Lambda,40,white,1-0,1.0,67,surround,6.432700029108673,0.1154000055976212
Lambda,41,black,1/2-1/2,0.5,160,ply-cap,7.949299993924797,0.2691000117920339
Lambda,42,white,1/2-1/2,0.5,160,ply-cap,6.535499996971339,0.13120000949129462
Lambda,43,black,1/2-1/2,0.5,160,ply-cap,6.917699996847659,0.15580002218484879
Lambda,44,white,1/2-1/2,0.5,160,ply-cap,34.27139995619655,0.6359000108204782
Lambda,45,black,1/2-1/2,0.5,160,ply-cap,6.008899945300072,0.11389999417588115
Lambda,46,white,1/2-1/2,0.5,160,ply-cap,6.709400040563196,0.1653999788686633
Lambda,47,black,1/2-1/2,0.5,160,ply-cap,6.380299979355186,0.15660002827644348
Lambda,48,white,1-0,1.0,53,surround,6.890000018756837,0.1686000032350421
Lambda,49,black,0-1,1.0,70,surround,38.018800027202815,0.08079997496679425
Mu,0,white,1/2-1/2,0.5,160,ply-cap,33.30469998763874,0.22899999748915434
Mu,1,black,0-1,1.0,76,surround,9.38279996626079,0.17230003140866756
Mu,2,white,1-0,1.0,86,surround,10.758099961094558,0.103199970908463
Mu,3,black,0-1,1.0,100,surround,12.270699953660369,0.13589998707175255
Mu,4,white,0-1,0.0,26,surround,7.39040004555136,0.10349997319281101
Mu,5,black,0-1,1.0,68,surround,6.325999973341823,0.07880001794546843
Mu,6,white,1/2-1/2,0.5,160,ply-cap,35.7732999837026,0.07379997987300158
Mu,7,black,1/2-1/2,0.5,160,ply-cap,6.402099970728159,0.1066999975591898
Mu,8,white,1/2-1/2,0.5,160,ply-cap,7.691300008445978,0.10890001431107521
Mu,9,black,1/2-1/2,0.5,160,ply-cap,7.064200006425381,0.14020001981407404
Mu,10,white,1/2-1/2,0.5,160,ply-cap,8.656799967866391,0.11209998046979308
Mu,11,black,1/2-1/2,0.5,160,ply-cap,8.783400000538677,0.25759998243302107
Mu,12,white,1/2-1/2,0.5,160,ply-cap,35.267299972474575,0.16439997125416994
Mu,13,black,0-1,1.0,62,surround,7.193500001449138,0.2191000385209918
Mu,14,white,1-0,1.0,50,surround,8.74900002963841,0.1259999698959291
Mu,15,black,1/2-1/2,0.5,160,ply-cap,6.507600017357618,0.21059997379779816
Mu,16,white,1-0,1.0,55,surround,35.86350003024563,0.06830005440860987
Mu,17,black,1/2-1/2,0.5,160,ply-cap,8.083199965767562,0.19370001973584294
Mu,18,white,1/2-1/2,0.5,160,ply-cap,8.063799992669374,0.11329998960718513
Mu,19,black,1/2-1/2,0.5,160,ply-cap,7.595399976707995,0.139000010676682
Mu,20,white,1/2-1/2,0.5,160,ply-cap,7.80810002470389,0.1715999678708613
Mu,21,black,1/2-1/2,0.5,160,ply-cap,37.5118000083603,0.17889996524900198
Mu,22,white,1/2-1/2,0.5,160,ply-cap,8.546299999579787,0.1501000369898975
Mu,23,black,1/2-1/2,0.5,160,ply-cap,7.702700037043542,0.17339998157694936
Mu,24,white,1/2-1/2,0.5,160,ply-cap,11.596099997404963,0.3024999750778079
Mu,25,black,0-1,1.0,72,surround,13.87830002931878,0.4802999901585281
Mu,26,white,1/2-1/2,0.5,160,ply-cap,38.98219997063279,0.18660002388060093
Mu,27,black,0-1,1.0,58,surround,9.235100005753338,0.19910000264644623
Mu,28,white,1/2-1/2,0.5,160,ply-cap,8.195300004445016,0.15570002142339945
Mu,29,black,1/2-1/2,0.5,160,ply-cap,7.348500017542392,0.12410001363605261
Mu,30,white,1-0,1.0,63,surround,7.339600007981062,0.1563999685458839
Mu,31,black,1/2-1/2,0.5,160,ply-cap,35.74520000256598,0.1292000524699688
Mu,32,white,1/2-1/2,0.5,160,ply-cap,7.27630004985258,0.15440001152455807
Mu,33,black,1/2-1/2,0.5,160,ply-cap,6.609899981413037,0.09899999713525176
Mu,34,white,1/2-1/2,0.5,160,ply-cap,7.675600005313754,0.16649998724460602
Mu,35,black,1/2-1/2,0.5,160,ply-cap,40.23270000470802,0.14840002404525876
Mu,36,white,1/2-1/2,0.5,160,ply-cap,8.273100014775991,0.1362999901175499
Mu,37,black,1/2-1/2,0.5,160,ply-cap,6.938200036529452,0.11179997818544507
Mu,38,white,1-0,1.0,131,surround,8.961600018665195,0.21570001263171434
Mu,39,black,1/2-1/2,0.5,160,ply-cap,8.092199976090342,0.09740004315972328
Mu,40,white,1-0,1.0,57,surround,33.525300037581474,0.13760000001639128
Mu,41,black,1/2-1/2,0.5,160,ply-cap,8.367299975361675,0.17519999528303742
Mu,42,white,1/2-1/2,0.5,160,ply-cap,7.902199984528124,0.28790003852918744
Mu,43,black,1/2-1/2,0.5,160,ply-cap,8.858999994117767,0.3541000187397003
Mu,44,white,1/2-1/2,0.5,160,ply-cap,8.863099967129529,0.18129998352378607
Mu,45,black,1/2-1/2,0.5,160,ply-cap,36.772600025869906,0.21719996584579349
Mu,46,white,1/2-1/2,0.5,160,ply-cap,7.906899962108582,0.18470000941306353
Mu,47,black,1/2-1/2,0.5,160,ply-cap,10.999799997080117,0.3192999865859747
Mu,48,white,1/2-1/2,0.5,160,ply-cap,12.60560000082478,0.221800000872463
Mu,49,black,1/2-1/2,0.5,160,ply-cap,8.10149998869747,0.172399973962456
Nu,0,white,1/2-1/2,0.5,160,ply-cap,33.09609997086227,0.1897999900393188
Nu,1,black,0-1,1.0,60,surround,8.367600035853684,0.08210004307329655
Nu,2,white,1/2-1/2,0.5,160,ply-cap,5.662899988237768,0.10160001693293452
Nu,3,black,1/2-1/2,0.5,160,ply-cap,7.155200000852346,0.2106999745592475
Nu,4,white,1-0,1.0,40,surround,6.348199967760593,0.08540000999346375
Nu,5,black,0-1,1.0,31,surround,6.634400051552802,0.09320001117885113
Nu,6,white,1/2-1/2,0.5,160,ply-cap,6.455999973695725,0.13930001296103
Nu,7,black,0-1,1.0,13,surround,35.18550004810095,0.0906999921426177
Nu,8,white,1/2-1/2,0.5,160,ply-cap,6.625400041230023,0.13649999164044857
Nu,9,black,1/2-1/2,0.5,160,ply-cap,9.019199991598725,0.11600001016631722
Nu,10,white,1/2-1/2,0.5,160,ply-cap,5.8179000043310225,0.13749999925494194
Nu,11,black,1/2-1/2,0.5,160,ply-cap,7.3102000169456005,0.19320001592859626
Nu,12,white,1/2-1/2,0.5,160,ply-cap,38.35399996023625,0.15870004426687956
Nu,13,black,1/2-1/2,0.5,160,ply-cap,8.432899951003492,0.2052999916486442
Nu,14,white,1/2-1/2,0.5,160,ply-cap,7.0742000243626535,0.1604999997653067
Nu,15,black,0-1,1.0,44,surround,9.789599978830665,0.11879997327923775
Nu,16,white,1-0,1.0,26,surround,6.118200020864606,0.08359999628737569
Nu,17,black,0-1,1.0,66,surround,6.0261000180616975,0.12750003952533007
Nu,18,white,1-0,1.0,37,surround,37.7351000206545,0.15199999324977398
Nu,19,black,1/2-1/2,0.5,160,ply-cap,6.149400025606155,0.20929996389895678
Nu,20,white,1/2-1/2,0.5,160,ply-cap,8.032699988689274,0.1401000190526247
Nu,21,black,0-1,1.0,66,surround,6.119199970271438,0.16830000095069408
Nu,22,white,1/2-1/2,0.5,160,ply-cap,7.121299975551665,0.20750000840052962
Nu,23,black,0-1,1.0,70,surround,34.702799981459975,0.08769996929913759
Nu,24,white,1-0,1.0,49,surround,6.489099992904812,0.063000014051795
Nu,25,black,0-1,1.0,80,surround,5.960299982689321,0.12879999121651053
Nu,26,white,1-0,1.0,83,surround,6.71609997516498,0.28959999326616526
Nu,27,black,0-1,1.0,74,surround,37.52730000996962,0.5193999968469143
Nu,28,white,1/2-1/2,0.5,160,ply-cap,6.184700003359467,0.317899975925684
Nu,29,black,1/2-1/2,0.5,160,ply-cap,9.130500024184585,0.12199999764561653
Nu,30,white,1-0,1.0,14,surround,5.3400000324472785,0.08109997725114226
Nu,31,black,0-1,1.0,62,surround,6.653400021605194,0.12310000602155924
Nu,32,white,1/2-1/2,0.5,160,ply-cap,35.93630000250414,0.27550000231713057
Nu,33,black,1/2-1/2,0.5,160,ply-cap,5.7277000159956515,0.08020002860575914
Nu,34,white,1/2-1/2,0.5,160,ply-cap,7.03320000320673,0.11670001549646258
Nu,35,black,0-1,1.0,76,surround,6.948599999304861,0.13619998935610056
Nu,36,white,1-0,1.0,33,surround,5.839599994942546,0.10519998613744974
Nu,37,black,0-1,1.0,64,surround,33.33780000684783,0.11199997970834374
Nu,38,white,1-0,1.0,85,surround,5.224299966357648,0.08129997877404094
Nu,39,black,0-1,1.0,56,surround,6.134599971119314,0.3556000301614404
Nu,40,white,1/2-1/2,0.5,160,ply-cap,5.636399961076677,0.13729999773204327
Nu,41,black,0-1,1.0,65,surround,7.305399980396032,0.09159999899566174
Nu,42,white,1-0,1.0,72,surround,7.238199992571026,0.09380001574754715
Nu,43,black,0-1,1.0,35,surround,33.04250002838671,0.09329995373263955
Nu,44,white,1/2-1/2,0.5,160,ply-cap,6.4424999873153865,0.11669995728880167
Nu,45,black,1/2-1/2,0.5,160,ply-cap,8.040299988351762,0.18849998014047742
Nu,46,white,1/2-1/2,0.5,160,ply-cap,9.2587000108324,0.1648000325076282
Nu,47,black,0-1,1.0,67,surround,6.293600017670542,0.12989999959245324
Nu,48,white,1/2-1/2,0.5,160,ply-cap,37.68120001768693,0.10309997014701366
Nu,49,black,0-1,1.0,46,surround,11.709499987773597,0.0874000252224505
Xi,0,white,1/2-1/2,0.5,160,ply-cap,32.988599967211485,0.14089996693655849
Xi,1,black,1/2-1/2,0.5,160,ply-cap,9.850499976892024,0.16309996135532856
Xi,2,white,1/2-1/2,0.5,160,ply-cap,8.8672999991104,0.471699982881546
Xi,3,black,0-1,1.0,52,surround,6.720400007907301,0.1370999962091446
Xi,4,white,1-0,1.0,65,surround,6.3916000071913,0.06499997107312083
Xi,5,black,0-1,1.0,42,surround,5.9210999752394855,0.09049999061971903
Xi,6,white,1/2-1/2,0.5,160,ply-cap,33.277600014116615,0.21299999207258224
Xi,7,black,0-1,1.0,13,surround,5.334199988283217,0.05579995922744274
Xi,8,white,1-0,1.0,65,surround,6.2262999708764255,0.14329998521134257
Xi,9,black,1/2-1/2,0.5,160,ply-cap,5.286099971272051,0.25150005239993334
Xi,10,white,1/2-1/2,0.5,160,ply-cap,6.291199999395758,0.1613000058569014
Xi,11,black,0-1,1.0,70,surround,6.003199960105121,0.17579999985173345
Xi,12,white,1/2-1/2,0.5,160,ply-cap,34.41130003193393,0.14640000881627202
Xi,13,black,0-1,1.0,23,surround,5.6019999901764095,0.1900999923236668
Xi,14,white,1-0,1.0,14,surround,5.383499956224114,0.08189998334273696
Xi,15,black,0-1,1.0,94,surround,5.898699979297817,0.08229998638853431
Xi,16,white,1/2-1/2,0.5,160,ply-cap,8.386200002860278,0.18259999342262745
Xi,17,black,1/2-1/2,0.5,160,ply-cap,6.507499958388507,0.11169997742399573
Xi,18,white,1/2-1/2,0.5,160,ply-cap,7.000400044489652,0.16060000052675605
Xi,19,black,0-1,1.0,84,surround,34.52430001925677,0.11040002573281527
Xi,20,white,1-0,1.0,56,surround,5.6998999789357185,0.1094000181183219
Xi,21,black,0-1,1.0,66,surround,6.335899990517646,0.11600001016631722
Xi,22,white,1-0,1.0,55,surround,6.138600001577288,0.1354999840259552
Xi,23,black,0-1,1.0,66,surround,5.818700010422617,0.10470004053786397
Xi,24,white,1/2-1/2,0.5,160,ply-cap,34.91530002793297,0.13159995432943106
Xi,25,black,1/2-1/2,0.5,160,ply-cap,6.24640000751242,0.33440004335716367
Xi,26,white,1/2-1/2,0.5,160,ply-cap,6.897700019180775,0.3466999623924494
Xi,27,black,0-1,1.0,57,surround,7.484300003852695,0.16110000433400273
Xi,28,white,1-0,1.0,27,surround,6.029500043950975,0.07860001642256975
Xi,29,black,1/2-1/2,0.5,160,ply-cap,33.90100004617125,0.2567999763414264
Xi,30,white,1-0,1.0,54,surround,7.806400011759251,0.14949997421354055
Xi,31,black,0-1,1.0,56,surround,6.517199974041432,0.16739999409765005
Xi,32,white,1-0,1.0,59,surround,6.067500042263418,0.13280002167448401
Xi,33,black,1/2-1/2,0.5,160,ply-cap,35.597899986896664,0.17110002227127552
Xi,34,white,1-0,1.0,39,surround,7.212800031993538,0.1058999914675951
Xi,35,black,0-1,1.0,14,surround,5.251499998848885,0.05570001667365432
Xi,36,white,1-0,1.0,65,surround,6.299400003626943,0.2519999979995191
Xi,37,black,0-1,1.0,23,surround,6.540499976836145,0.10419997852295637
Xi,38,white,1-0,1.0,85,surround,5.5047000059857965,0.0982999918051064
Xi,39,black,0-1,1.0,52,surround,34.99440004816279,0.1702999579720199
Xi,40,white,1/2-1/2,0.5,160,ply-cap,6.0053999768570065,0.12860004790127277
Xi,41,black,1/2-1/2,0.5,160,ply-cap,7.792100019287318,0.28579996433109045
Xi,42,white,1/2-1/2,0.5,160,ply-cap,7.141900015994906,0.2343000378459692
Xi,43,black,0-1,1.0,27,surround,6.2411000253632665,0.08200004231184721
Xi,44,white,1/2-1/2,0.5,160,ply-cap,6.315100006759167,0.2837000065483153
Xi,45,black,1/2-1/2,0.5,160,ply-cap,34.430300001986325,0.1572000328451395
Xi,46,white,1/2-1/2,0.5,160,ply-cap,8.168500033207238,0.16960001084953547
Xi,47,black,0-1,1.0,67,surround,6.25690002925694,0.08990004425868392
Xi,48,white,1-0,1.0,43,surround,7.607900013681501,0.096399977337569
Xi,49,black,0-1,1.0,74,surround,6.74869999056682,0.12590002734214067
Omicron,0,white,1/2-1/2,0.5,160,ply-cap,34.151599975302815,0.14189997455105186
Omicron,1,black,0-1,1.0,62,surround,8.81410000147298,0.08209998486563563
Omicron,2,white,1/2-1/2,0.5,160,ply-cap,6.585500028450042,0.15129998791962862
Omicron,3,black,0-1,1.0,67,surround,5.862899997737259,0.09079999290406704
Omicron,4,white,1-0,1.0,101,surround,8.143700018990785,0.11010002344846725
Omicron,5,black,1/2-1/2,0.5,160,ply-cap,35.40999995311722,0.10960001964122057
Omicron,6,white,1/2-1/2,0.5,160,ply-cap,5.727300012949854,0.09429996134713292
Omicron,7,black,0-1,1.0,81,surround,7.1989999851211905,0.10410003596916795
Omicron,8,white,1-0,1.0,33,surround,7.114000036381185,0.10810000821948051
Omicron,9,black,0-1,1.0,55,surround,6.164000020362437,0.1792000257410109
Omicron,10,white,1/2-1/2,0.5,160,ply-cap,6.306099996436387,0.21250004647299647
Omicron,11,black,1/2-1/2,0.5,160,ply-cap,6.498200003989041,0.17099996330216527
Omicron,12,white,1-0,1.0,19,surround,36.3198000122793,0.06260001100599766
Omicron,13,black,1/2-1/2,0.5,160,ply-cap,5.88640000205487,0.10580004891380668
Omicron,14,white,1-0,1.0,63,surround,5.683600029442459,0.09689998114481568
Omicron,15,black,1/2-1/2,0.5,160,ply-cap,9.35350003419444,0.2361999941058457
Omicron,16,white,1-0,1.0,64,surround,7.120200025383383,0.11100003030151129
Omicron,17,black,0-1,1.0,62,surround,5.940800008829683,0.08209998486563563
Omicron,18,white,1-0,1.0,69,surround,34.16099998867139,0.11740002082660794
Omicron,19,black,0-1,1.0,66,surround,5.9411999536678195,0.10440003825351596
Omicron,20,white,1-0,1.0,51,surround,6.803700001910329,0.09950000094249845
Omicron,21,black,1/2-1/2,0.5,160,ply-cap,7.076499983668327,0.2196999848820269
Omicron,22,white,1-0,1.0,65,surround,33.511699992232025,0.09710004087537527
Omicron,23,black,1/2-1/2,0.5,160,ply-cap,5.695800005923957,0.15700003132224083
Omicron,24,white,1/2-1/2,0.5,160,ply-cap,7.983500021509826,0.11139997513964772
Omicron,25,black,0-1,1.0,56,surround,6.43910001963377,0.2172000240534544
Omicron,26,white,1/2-1/2,0.5,160,ply-cap,7.903399993665516,0.08600001456215978
Omicron,27,black,1/2-1/2,0.5,160,ply-cap,7.5181000283919275,0.14900002861395478
Omicron,28,white,1/2-1/2,0.5,160,ply-cap,37.59560000617057,0.17439998919144273
Omicron,29,black,1/2-1/2,0.5,160,ply-cap,9.310800000093877,0.1218999968841672
Omicron,30,white,1-0,1.0,63,surround,5.724499991629273,0.07569999434053898
Omicron,31,black,1/2-1/2,0.5,160,ply-cap,6.834300002083182,0.09769998723641038
Omicron,32,white,1/2-1/2,0.5,160,ply-cap,36.87979996902868,0.23469998268410563
Omicron,33,black,1/2-1/2,0.5,160,ply-cap,7.721200003288686,0.15680002979934216
Omicron,34,white,1-0,1.0,22,surround,6.198399991262704,0.061400001868605614
Omicron,35,black,1/2-1/2,0.5,160,ply-cap,6.74869999056682,0.32430002465844154
Omicron,36,white,1/2-1/2,0.5,160,ply-cap,7.325299957301468,0.21139997988939285
Omicron,37,black,1/2-1/2,0.5,160,ply-cap,33.457000041380525,0.08870003512129188
Omicron,38,white,1-0,1.0,85,surround,5.760299973189831,0.19759999122470617
Omicron,39,black,0-1,1.0,74,surround,7.232500007376075,0.1354999840259552
Omicron,40,white,1/2-1/2,0.5,160,ply-cap,5.71599998511374,0.14570000348612666
Omicron,41,black,1/2-1/2,0.5,160,ply-cap,35.597700043581426,0.13560004299506545
Omicron,42,white,1/2-1/2,0.5,160,ply-cap,6.188799976371229,0.0971999834291637
Omicron,43,black,0-1,1.0,54,surround,6.97089999448508,0.07730000652372837
Omicron,44,white,1/2-1/2,0.5,160,ply-cap,7.283199985977262,0.15959999291226268
Omicron,45,black,1/2-1/2,0.5,160,ply-cap,5.528000008780509,0.11389999417588115
Omicron,46,white,1/2-1/2,0.5,160,ply-cap,36.473299958743155,0.09460002183914185
Omicron,47,black,0-1,1.0,67,surround,6.54880004003644,0.14710001414641738
Omicron,48,white,1/2-1/2,0.5,160,ply-cap,5.931199993938208,1.2092000106349587
Omicron,49,black,1/2-1/2,0.5,160,ply-cap,7.189000025391579,0.19970000721514225
Pi,0,white,1-0,1.0,32,surround,36.16000001784414,0.1438999897800386
Pi,1,black,0-1,1.0,62,surround,7.309999957215041,3.922999952919781
Pi,2,white,1/2-1/2,0.5,160,ply-cap,6.329199997708201,0.12459995923563838
Pi,3,black,0-1,1.0,59,surround,9.002900042105466,0.12229999992996454
Pi,4,white,1/2-1/2,0.5,160,ply-cap,7.488699979148805,0.16769999638199806
Pi,5,black,1/2-1/2,0.5,160,ply-cap,35.57730000466108,0.5356000037863851
Pi,6,white,1/2-1/2,0.5,160,ply-cap,8.06429999647662,0.1218999968841672
Pi,7,black,0-1,1.0,78,surround,9.53410001238808,0.09709998266771436
Pi,8,white,0-1,0.0,23,surround,6.910299998708069,0.060699996538460255
Pi,9,black,0-1,1.0,68,surround,7.984600029885769,0.16060000052675605
Pi,10,white,1/2-1/2,0.5,160,ply-cap,7.371500018052757,0.3448000061325729
Pi,11,black,1/2-1/2,0.5,160,ply-cap,7.129599980544299,0.17139996634796262
Pi,12,white,1/2-1/2,0.5,160,ply-cap,35.04630003590137,0.2837999491021037
Pi,13,black,0-1,1.0,58,surround,7.497300044633448,0.13180001405999064
Pi,14,white,1/2-1/2,0.5,160,ply-cap,8.060700027272105,0.1385000068694353
Pi,15,black,1/2-1/2,0.5,160,ply-cap,7.892900030128658,0.13649999164044857
Pi,16,white,1/2-1/2,0.5,160,ply-cap,7.637600007001311,0.16080000204965472
Pi,17,black,0-1,1.0,60,surround,6.9635999971069396,0.18610002007335424
Pi,18,white,1/2-1/2,0.5,160,ply-cap,7.776399957947433,0.3637999761849642
Pi,19,black,0-1,1.0,65,surround,36.78670001681894,0.146100006531924
Pi,20,white,1-0,1.0,69,surround,8.836799999698997,0.11039996752515435
Pi,21,black,1/2-1/2,0.5,160,ply-cap,7.268700050190091,0.13399997260421515
Pi,22,white,1/2-1/2,0.5,160,ply-cap,7.60789995547384,0.14379998901858926
Pi,23,black,1/2-1/2,0.5,160,ply-cap,8.28359997831285,0.2691000117920339
Pi,24,white,1-0,1.0,91,surround,34.30320002371445,0.07850001566112041
Pi,25,black,1/2-1/2,0.5,160,ply-cap,7.847299973946065,0.3369000041857362
Pi,26,white,1-0,1.0,55,surround,9.281699953135103,0.4268999909982085
Pi,27,black,0-1,1.0,51,surround,7.7954999869689345,0.0708999577909708
Pi,28,white,1/2-1/2,0.5,160,ply-cap,6.819500005804002,0.17180002760142088
Pi,29,black,1/2-1/2,0.5,160,ply-cap,34.57279998110607,0.1509999856352806
Pi,30,white,1-0,1.0,52,surround,8.176900038961321,0.11820002691820264
Pi,31,black,1/2-1/2,0.5,160,ply-cap,7.83909996971488,0.10110001312568784
Pi,32,white,1/2-1/2,0.5,160,ply-cap,6.681200000457466,0.5312000284902751
Pi,33,black,1/2-1/2,0.5,160,ply-cap,10.422500025015324,0.8342000073753297
Pi,34,white,1-0,1.0,51,surround,8.843199990224093,0.07190002361312509
Pi,35,black,1/2-1/2,0.5,160,ply-cap,7.270600006449968,0.11299998732283711
Pi,36,white,1/2-1/2,0.5,160,ply-cap,35.86099995300174,0.3798999823629856
Pi,37,black,0-1,1.0,62,surround,7.533000025432557,0.0819999841041863
Pi,38,white,1/2-1/2,0.5,160,ply-cap,7.828200003132224,0.12350000906735659
Pi,39,black,0-1,1.0,88,surround,7.134900020901114,0.11359999189153314
Pi,40,white,1-0,1.0,55,surround,35.65340000204742,0.3709000302478671
Pi,41,black,1/2-1/2,0.5,160,ply-cap,6.932199990842491,0.19759999122470617
Pi,42,white,1/2-1/2,0.5,160,ply-cap,7.000500045251101,0.11740002082660794
Pi,43,black,0-1,1.0,52,surround,6.886200048029423,0.07650000043213367
Pi,44,white,0-1,0.0,19,surround,5.851100024301559,0.07869995897635818
Pi,45,black,1/2-1/2,0.5,160,ply-cap,7.367799989879131,0.11869997251778841
Pi,46,white,1/2-1/2,0.5,160,ply-cap,35.62640002928674,0.12410001363605261
Pi,47,black,0-1,1.0,60,surround,7.932899985462427,0.17300003673881292
Pi,48,white,1-0,1.0,55,surround,7.933199987746775,0.07690000347793102
Pi,49,black,1/2-1/2,0.5,160,ply-cap,6.945200031623244,0.11449999874457717
Rho,0,white,1/2-1/2,0.5,160,ply-cap,32.01709996210411,0.16459997277706861
Rho,1,black,0-1,1.0,45,surround,8.829300000797957,0.0754999928176403
Rho,2,white,1/2-1/2,0.5,160,ply-cap,8.14579997677356,0.20700000459328294
Rho,3,black,1/2-1/2,0.5,160,ply-cap,5.802600004244596,0.11950003681704402
Rho,4,white,1/2-1/2,0.5,160,ply-cap,6.861600035335869,0.27110002702102065
Rho,5,black,1/2-1/2,0.5,160,ply-cap,32.62950002681464,0.1126999850384891
Rho,6,white,1-0,1.0,27,surround,6.5929999691434205,0.12739998055621982
Rho,7,black,1/2-1/2,0.5,160,ply-cap,5.58559998171404,0.23700000019744039
Rho,8,white,1/2-1/2,0.5,160,ply-cap,6.389899994246662,0.29120000544935465
Rho,9,black,0-1,1.0,68,surround,5.914099980145693,0.08690002141520381
Rho,10,white,1/2-1/2,0.5,160,ply-cap,33.728200010955334,0.1648000325076282
Rho,11,black,1/2-1/2,0.5,160,ply-cap,5.978600005619228,0.18779997481033206
Rho,12,white,1/2-1/2,0.5,160,ply-cap,7.066100020892918,0.12280000373721123
Rho,13,black,0-1,1.0,50,surround,6.8256999948062,0.1803000341169536
Rho,14,white,1/2-1/2,0.5,160,ply-cap,39.08479999518022,0.11960003757849336
Rho,15,black,1/2-1/2,0.5,160,ply-cap,5.602699995506555,0.0906999921426177
Rho,16,white,1-0,1.0,26,surround,6.1110000242479146,0.07310003275051713
Rho,17,black,0-1,1.0,66,surround,6.643299944698811,0.07620005635544658
Rho,18,white,1/2-1/2,0.5,160,ply-cap,7.25100003182888,1.2321000103838742
Rho,19,black,1/2-1/2,0.5,160,ply-cap,34.18379998765886,0.1278999843634665
Rho,20,white,1-0,1.0,59,surround,7.018100004643202,0.09139999747276306
Rho,21,black,0-1,1.0,60,surround,6.6086999722756445,0.09520002640783787
Rho,22,white,1/2-1/2,0.5,160,ply-cap,6.517500034533441,0.11720001930370927
Rho,23,black,1/2-1/2,0.5,160,ply-cap,5.669500038493425,0.17319998005405068
Rho,24,white,1/2-1/2,0.5,160,ply-cap,34.64829997392371,0.11510000331327319
Rho,25,black,1/2-1/2,0.5,160,ply-cap,7.244900043588132,0.12199999764561653
Rho,26,white,1-0,1.0,60,surround,7.280099962372333,0.10120001388713717
Rho,27,black,0-1,1.0,49,surround,7.501900021452457,0.10979996295645833
Rho,28,white,1/2-1/2,0.5,160,ply-cap,35.34860000945628,0.109699962195009
Rho,29,black,1/2-1/2,0.5,160,ply-cap,7.596700044814497,0.10459998156875372
Rho,30,white,1-0,1.0,14,surround,5.979199951980263,0.08810003055259585
Rho,31,black,1/2-1/2,0.5,160,ply-cap,6.659600010607392,0.09109999518841505
Rho,32,white,1/2-1/2,0.5,160,ply-cap,5.709499993827194,0.16789999790489674
Rho,33,black,1/2-1/2,0.5,160,ply-cap,6.9358000182546675,0.10750000365078449
Rho,34,white,1-0,1.0,61,surround,34.686600032728165,0.06279995432123542
Rho,35,black,0-1,1.0,26,surround,5.625099991448224,0.059699988923966885
Rho,36,white,1/2-1/2,0.5,160,ply-cap,7.096700021065772,0.172999978531152
Rho,37,black,0-1,1.0,50,surround,8.192899986170232,0.06900000153109431
Rho,38,white,1-0,1.0,85,surround,6.720400007907301,0.09779998799785972
Rho,39,black,0-1,1.0,68,surround,34.834899997804314,0.24590000975877047
Rho,40,white,1/2-1/2,0.5,160,ply-cap,6.7189999972470105,0.12550002429634333
Rho,41,black,1/2-1/2,0.5,160,ply-cap,8.030499971937388,0.3386000171303749
Rho,42,white,1-0,1.0,63,surround,5.962099996395409,0.3659999929368496
Rho,43,black,0-1,1.0,74,surround,6.36060000397265,0.16880000475794077
Rho,44,white,1/2-1/2,0.5,160,ply-cap,34.325000015087426,0.09400001727044582
Rho,45,black,1/2-1/2,0.5,160,ply-cap,5.647999991197139,0.1634999644011259
Rho,46,white,1/2-1/2,0.5,160,ply-cap,6.516000023111701,0.07059995550662279
Rho,47,black,1/2-1/2,0.5,160,ply-cap,5.466000002343208,0.3040999872609973
Rho,48,white,1-0,1.0,59,surround,5.991899990476668,0.0923000043258071
Rho,49,black,0-1,1.0,50,surround,35.399500047788024,0.07639999967068434
Sigma,0,white,1/2-1/2,0.5,160,ply-cap,32.59700001217425,0.14289998216554523
Sigma,1,black,1/2-1/2,0.5,160,ply-cap,9.124599979259074,0.07280003046616912
Sigma,2,white,1-0,1.0,31,surround,6.838699977379292,0.2389000146649778
Sigma,3,black,0-1,1.0,76,surround,7.154899998567998,0.3171999705955386
Sigma,4,white,1-0,1.0,73,surround,6.030999997165054,0.34039997262880206
Sigma,5,black,0-1,1.0,64,surround,35.02609999850392,0.10130001464858651
Sigma,6,white,1-0,1.0,49,surround,6.351799995172769,0.048600020818412304
Sigma,7,black,1/2-1/2,0.5,160,ply-cap,10.12079999782145,0.4057000041939318
Sigma,8,white,1/2-1/2,0.5,160,ply-cap,6.667500012554228,0.11680001625791192
Sigma,9,black,0-1,1.0,84,surround,5.707699980121106,0.13070000568404794
Sigma,10,white,1/2-1/2,0.5,160,ply-cap,35.236099967733026,0.28360000578686595
Sigma,11,black,1/2-1/2,0.5,160,ply-cap,6.002700014505535,0.12470001820474863
Sigma,12,white,1-0,1.0,32,surround,6.590600009076297,0.11449999874457717
Sigma,13,black,0-1,1.0,54,surround,6.078200007323176,0.09950000094249845
Sigma,14,white,1-0,1.0,14,surround,6.8301999708637595,0.062000006437301636
Sigma,15,black,0-1,1.0,56,surround,10.159199999179691,0.08999998681247234
Sigma,16,white,1-0,1.0,57,surround,38.02699997322634,0.1058999914675951
Sigma,17,black,1/2-1/2,0.5,160,ply-cap,7.112899969797581,0.49669999862089753
Sigma,18,white,1/2-1/2,0.5,160,ply-cap,5.928700033109635,0.235699990298599
Sigma,19,black,1/2-1/2,0.5,160,ply-cap,9.48359997710213,0.24470000062137842
Sigma,20,white,1-0,1.0,19,surround,5.568399967160076,0.09350001346319914
Sigma,21,black,0-1,1.0,67,surround,6.247100012842566,0.10060000931844115
Sigma,22,white,1-0,1.0,63,surround,33.778199984226376,0.12159999459981918
Sigma,23,black,1/2-1/2,0.5,160,ply-cap,5.68500004010275,0.13109995052218437
Sigma,24,white,1-0,1.0,59,surround,11.664799996651709,0.19940000493079424
Sigma,25,black,0-1,1.0,80,surround,9.088499995414168,0.09589997353032231
Sigma,26,white,1-0,1.0,39,surround,36.7485000169836,0.0955999712459743
Sigma,27,black,1/2-1/2,0.5,160,ply-cap,7.081500021740794,0.09099999442696571
Sigma,28,white,1-0,1.0,57,surround,6.122699996922165,0.10159995872527361
Sigma,29,black,0-1,1.0,58,surround,9.477399988099933,0.33710000570863485
Sigma,30,white,1-0,1.0,52,surround,6.669799971859902,0.0901000457815826
Sigma,31,black,1/2-1/2,0.5,160,ply-cap,34.240600012708455,0.10599999222904444
Sigma,32,white,1-0,1.0,33,surround,5.872300011105835,0.07200002437457442
Sigma,33,black,0-1,1.0,55,surround,7.610299973748624,0.14099996769800782
Sigma,34,white,1-0,1.0,55,surround,9.896299976389855,0.08420000085607171
Sigma,35,black,0-1,1.0,60,surround,7.263500010594726,0.15630002599209547
Sigma,36,white,1-0,1.0,57,surround,33.79820002010092,0.14150002971291542
Sigma,37,black,0-1,1.0,54,surround,6.298099993728101,0.08230004459619522
Sigma,38,white,1/2-1/2,0.5,160,ply-cap,7.348700019065291,0.37750002229586244
Sigma,39,black,1/2-1/2,0.5,160,ply-cap,5.985199997667223,0.15029998030513525
Sigma,40,white,1-0,1.0,73,surround,7.2910000453703105,0.10499998461455107
Sigma,41,black,1/2-1/2,0.5,160,ply-cap,34.08529999433085,0.2465000143274665
Sigma,42,white,1-0,1.0,21,surround,6.6645999904721975,0.05979998968541622
Sigma,43,black,0-1,1.0,25,surround,6.540499976836145,0.06919994484633207
Sigma,44,white,1/2-1/2,0.5,160,ply-cap,5.776299978606403,0.15809998149052262
Sigma,45,black,1/2-1/2,0.5,160,ply-cap,6.17830001283437,0.19559997599571943
Sigma,46,white,1/2-1/2,0.5,160,ply-cap,7.45689996983856,0.3203999949619174
Sigma,47,black,0-1,1.0,67,surround,34.680999990087,0.13310002395883203
Sigma,48,white,1/2-1/2,0.5,160,ply-cap,5.678699992131442,0.20220002625137568
Sigma,49,black,1/2-1/2,0.5,160,ply-cap,8.227000012993813,0.06849999772384763
Tau,0,white,1/2-1/2,0.5,160,ply-cap,32.81760000390932,0.08760002674534917
Tau,1,black,0-1,1.0,54,surround,9.911600034683943,0.13870000839233398
Tau,2,white,1/2-1/2,0.5,160,ply-cap,6.193499953951687,0.10389997623860836
Tau,3,black,0-1,1.0,76,surround,9.185000031720847,0.17180002760142088
Tau,4,white,1-0,1.0,67,surround,33.859700022730976,0.06569997640326619
Tau,5,black,0-1,1.0,54,surround,6.895900005474687,0.08239998714998364
Tau,6,white,1/2-1/2,0.5,160,ply-cap,6.2200999818742275,0.2166999620385468
Tau,7,black,0-1,1.0,67,surround,32.95109997270629,0.08460000390186906
Tau,8,white,1/2-1/2,0.5,160,ply-cap,5.853899987414479,0.09970000246539712
Tau,9,black,0-1,1.0,55,surround,6.579299981240183,0.13280002167448401
Tau,10,white,1/2-1/2,0.5,160,ply-cap,5.813200026750565,0.2759000053629279
Tau,11,black,0-1,1.0,59,surround,5.899299983866513,0.10979996295645833
Tau,12,white,1-0,1.0,55,surround,6.839499983470887,0.07660000119358301
Tau,13,black,0-1,1.0,54,surround,34.603499982040375,0.145500001963228
Tau,14,white,1-0,1.0,14,surround,5.87900000391528,0.06049999501556158
Tau,15,black,1/2-1/2,0.5,160,ply-cap,6.521100003737956,0.25460001779720187
Tau,16,white,1-0,1.0,57,surround,9.346400038339198,0.08630001684650779
Tau,17,black,0-1,1.0,66,surround,7.147099997382611,0.08189998334273696
Tau,18,white,1/2-1/2,0.5,160,ply-cap,36.174200009554625,0.15189999248832464
Tau,19,black,0-1,1.0,61,surround,5.959400034043938,0.06379996193572879
Tau,20,white,1/2-1/2,0.5,160,ply-cap,6.360999948810786,0.30290003633126616
Tau,21,black,1/2-1/2,0.5,160,ply-cap,6.664399988949299,0.14830002328380942
Tau,22,white,1-0,1.0,65,surround,5.947600002400577,0.123299949336797
Tau,23,black,1/2-1/2,0.5,160,ply-cap,6.454199959989637,0.16609998419880867
Tau,24,white,1/2-1/2,0.5,160,ply-cap,33.51199999451637,1.2785999570041895
Tau,25,black,1/2-1/2,0.5,160,ply-cap,7.534799980930984,0.387399981264025
Tau,26,white,1/2-1/2,0.5,160,ply-cap,8.453499991446733,0.2066000015474856
Tau,27,black,1/2-1/2,0.5,160,ply-cap,8.29410000005737,0.17919996753335
Tau,28,white,1-0,1.0,57,surround,6.758400006219745,0.11010002344846725
Tau,29,black,1/2-1/2,0.5,160,ply-cap,37.03310003038496,0.15360000543296337
Tau,30,white,1-0,1.0,65,surround,6.7828000173904,0.18669996643438935
Tau,31,black,0-1,1.0,54,surround,6.1508999788202345,0.07930002175271511
Tau,32,white,1-0,1.0,25,surround,7.270000001881272,0.057399971410632133
Tau,33,black,1/2-1/2,0.5,160,ply-cap,36.17660002782941,0.3589999978430569
Tau,34,white,1-0,1.0,39,surround,7.437199994456023,0.07329997606575489
Tau,35,black,0-1,1.0,64,surround,7.379300019238144,0.07809995440766215
Tau,36,white,1-0,1.0,65,surround,5.987199954688549,0.20999996922910213
Tau,37,black,0-1,1.0,51,surround,6.98730000294745,0.09009998757392168
Tau,38,white,1-0,1.0,64,surround,33.488099987152964,0.07680000271648169
Tau,39,black,0-1,1.0,62,surround,6.998300028499216,0.07229996845126152
Tau,40,white,1/2-1/2,0.5,160,ply-cap,7.084899989422411,0.39090000791475177
Tau,41,black,1/2-1/2,0.5,160,ply-cap,9.162000031210482,0.16070000128820539
Tau,42,white,1/2-1/2,0.5,160,ply-cap,7.66730000032112,0.4767999635078013
Tau,43,black,1/2-1/2,0.5,160,ply-cap,35.50529998028651,0.1297999988310039
Tau,44,white,1/2-1/2,0.5,160,ply-cap,6.1157000018283725,0.15049998182803392
Tau,45,black,1/2-1/2,0.5,160,ply-cap,5.563799990341067,0.11719996109604836
Tau,46,white,1-0,1.0,63,surround,5.576700030360371,0.09619997581467032
Tau,47,black,0-1,1.0,67,surround,5.707399977836758,0.09519996820017695
Tau,48,white,1-0,1.0,59,surround,32.407699967734516,0.09250000584870577
Tau,49,black,0-1,1.0,54,surround,6.9632999948225915,0.06539997411891818
Upsilon,0,white,1-0,1.0,55,surround,30.546599999070168,0.19799999427050352
Upsilon,1,black,0-1,1.0,102,surround,9.406000026501715,0.08809997234493494
Upsilon,2,white,1-0,1.0,53,surround,22.740099986549467,0.11560000712051988
Upsilon,3,black,1/2-1/2,0.5,160,ply-cap,9.833100019022822,0.26219995925202966
Upsilon,4,white,1/2-1/2,0.5,160,ply-cap,39.22510001575574,0.12879999121651053
Upsilon,5,black,0-1,1.0,64,surround,6.6877000499516726,0.11750002158805728
Upsilon,6,white,1/2-1/2,0.5,160,ply-cap,7.656299974769354,0.11129997437819839
Upsilon,7,black,1/2-1/2,0.5,160,ply-cap,6.946999987121671,0.29749999521300197
Upsilon,8,white,1-0,1.0,59,surround,36.433200002647936,0.3437999985180795
Upsilon,9,black,1/2-1/2,0.5,160,ply-cap,7.698600005824119,0.18119998276233673
Upsilon,10,white,1/2-1/2,0.5,160,ply-cap,6.2547000125050545,0.1145999995060265
Upsilon,11,black,1/2-1/2,0.5,160,ply-cap,8.086399990133941,0.3097999724559486
Upsilon,12,white,1/2-1/2,0.5,160,ply-cap,34.345799998845905,0.18660002388060093
Upsilon,13,black,1/2-1/2,0.5,160,ply-cap,9.235799952875823,0.15159999020397663
Upsilon,14,white,1-0,1.0,59,surround,8.325000002514571,0.08300004992634058
Upsilon,15,black,0-1,1.0,73,surround,8.432499947957695,0.1737999846227467
Upsilon,16,white,1/2-1/2,0.5,160,ply-cap,7.7343000448308885,0.19599997904151678
Upsilon,17,black,1/2-1/2,0.5,160,ply-cap,31.665800022892654,0.1629000180400908
Upsilon,18,white,1-0,1.0,29,surround,6.694399984553456,0.062700011767447
Upsilon,19,black,1/2-1/2,0.5,160,ply-cap,9.720399975776672,0.2028000308200717
Upsilon,20,white,1/2-1/2,0.5,160,ply-cap,7.236999983433634,0.23469998268410563
Upsilon,21,black,1/2-1/2,0.5,160,ply-cap,14.12569999229163,0.22869999520480633
Upsilon,22,white,1-0,1.0,71,surround,35.98689998034388,0.19789999350905418
Upsilon,23,black,1/2-1/2,0.5,160,ply-cap,7.216099998913705,0.11399999493733048
Upsilon,24,white,1-0,1.0,106,surround,6.686599983368069,0.11859997175633907
Upsilon,25,black,1/2-1/2,0.5,160,ply-cap,8.33260000217706,0.23230002261698246
Upsilon,26,white,1-0,1.0,62,surround,6.118699966464192,0.0971999834291637
Upsilon,27,black,0-1,1.0,54,surround,37.93499997118488,0.08480000542476773
Upsilon,28,white,1/2-1/2,0.5,160,ply-cap,6.793299980927259,0.11590000940486789
Upsilon,29,black,0-1,1.0,65,surround,8.085599984042346,0.18900004215538502
Upsilon,30,white,1-0,1.0,72,surround,5.788100010249764,0.10179996024817228
Upsilon,31,black,0-1,1.0,58,surround,8.346599992364645,0.08290004916489124
Upsilon,32,white,1-0,1.0,76,surround,33.029999991413206,0.07979996735230088
Upsilon,33,black,1/2-1/2,0.5,160,ply-cap,7.263900013640523,0.062400009483098984
Upsilon,34,white,1/2-1/2,0.5,160,ply-cap,7.246399996802211,0.367900007404387
Upsilon,35,black,1/2-1/2,0.5,160,ply-cap,7.967500016093254,0.13489997945725918
Upsilon,36,white,1/2-1/2,0.5,160,ply-cap,36.180199997033924,0.3114000428467989
Upsilon,37,black,0-1,1.0,13,surround,5.692699982319027,0.050600036047399044
Upsilon,38,white,1/2-1/2,0.5,160,ply-cap,8.108299982268363,0.1385000068694353
Upsilon,39,black,1/2-1/2,0.5,160,ply-cap,7.229099981486797,0.24069997016340494
Upsilon,40,white,1-0,1.0,65,surround,7.915500027593225,0.06649998249486089
Upsilon,41,black,1/2-1/2,0.5,160,ply-cap,7.326000020839274,0.13749999925494194
Upsilon,42,white,1/2-1/2,0.5,160,ply-cap,33.25409995159134,0.11680001625791192
Upsilon,43,black,0-1,1.0,56,surround,8.2970000221394,0.08949998300522566
Upsilon,44,white,1/2-1/2,0.5,160,ply-cap,6.78870000410825,0.15620002523064613
Upsilon,45,black,0-1,1.0,45,surround,7.475999998860061,0.14349998673424125
Upsilon,46,white,1/2-1/2,0.5,160,ply-cap,8.250400016549975,0.13280002167448401
Upsilon,47,black,1/2-1/2,0.5,160,ply-cap,36.22119995998219,0.09409995982423425
Upsilon,48,white,1-0,1.0,61,surround,9.444300027098507,0.1333000254817307
Upsilon,49,black,1/2-1/2,0.5,160,ply-cap,7.987399992998689,0.18999999156221747
Phi,0,white,1/2-1/2,0.5,160,ply-cap,33.41730003012344,0.21659996127709746
Phi,1,black,1/2-1/2,0.5,160,ply-cap,8.961699961218983,0.2011999604292214
Phi,2,white,1/2-1/2,0.5,160,ply-cap,8.195300004445016,0.12909999350085855
Phi,3,black,0-1,1.0,82,surround,8.256800007075071,0.12400001287460327
Phi,4,white,1-0,1.0,27,surround,6.395099975634366,0.07349997758865356
Phi,5,black,0-1,1.0,35,surround,35.78710003057495,0.07830001413822174
Phi,6,white,1/2-1/2,0.5,160,ply-cap,12.68839999102056,0.10720000136643648
Phi,7,black,0-1,1.0,76,surround,6.139900011476129,0.09269994916394353
Phi,8,white,1-0,1.0,81,surround,6.9071000325493515,0.09349995525553823
Phi,9,black,1/2-1/2,0.5,160,ply-cap,36.210999998729676,0.1327999634668231
Phi,10,white,1/2-1/2,0.5,160,ply-cap,6.125399959273636,0.11109997285529971
Phi,11,black,1/2-1/2,0.5,160,ply-cap,6.3800999778322875,0.21050003124400973
Phi,12,white,1/2-1/2,0.5,160,ply-cap,7.783200009725988,0.10280002607032657
Phi,13,black,0-1,1.0,27,surround,7.128799974452704,0.19759999122470617
Phi,14,white,1-0,1.0,17,surround,37.97790000680834,0.05740002961829305
Phi,15,black,1/2-1/2,0.5,160,ply-cap,7.713500002864748,0.1317000132985413
Phi,16,white,1-0,1.0,56,surround,8.00219998927787,0.08899997919797897
Phi,17,black,0-1,1.0,51,surround,6.2300999998115,0.24750002194195986
Phi,18,white,1/2-1/2,0.5,160,ply-cap,6.492600019555539,0.19459996838122606
Phi,19,black,1/2-1/2,0.5,160,ply-cap,6.3245000201277435,0.12939999578520656
Phi,20,white,1/2-1/2,0.5,160,ply-cap,7.69539998145774,0.17140002455562353
Phi,21,black,1/2-1/2,0.5,160,ply-cap,34.41179997753352,0.0847000046633184
Phi,22,white,1/2-1/2,0.5,160,ply-cap,7.064899953547865,0.09000004502013326
Phi,23,black,1/2-1/2,0.5,160,ply-cap,7.029300031717867,0.20760000916197896
Phi,24,white,1-0,1.0,33,surround,6.54269999358803,0.10659999679774046
Phi,25,black,0-1,1.0,59,surround,6.334199977573007,0.08979998528957367
Phi,26,white,1-0,1.0,37,surround,29.088800016324967,0.11070002801716328
Phi,27,black,0-1,1.0,61,surround,6.687699991744012,0.512800004798919
Phi,28,white,1/2-1/2,0.5,160,ply-cap,6.230999948456883,0.16990001313388348
Phi,29,black,1/2-1/2,0.5,160,ply-cap,7.173000019975007,0.25480001932010055
Phi,30,white,1-0,1.0,18,surround,35.643600043840706,0.0640999642200768
Phi,31,black,1/2-1/2,0.5,160,ply-cap,9.130900027230382,0.14570000348612666
Phi,32,white,1/2-1/2,0.5,160,ply-cap,9.190100012347102,0.24769996525719762
Phi,33,black,0-1,1.0,58,surround,6.713899958413094,0.06029999349266291
Phi,34,white,1-0,1.0,21,surround,8.405700034927577,0.08830003207549453
Phi,35,black,1/2-1/2,0.5,160,ply-cap,37.33520000241697,0.152900000102818
Phi,36,white,1/2-1/2,0.5,160,ply-cap,8.885999966878444,0.12159999459981918
Phi,37,black,0-1,1.0,64,surround,6.330200005322695,0.10619999375194311
Phi,38,white,1-0,1.0,22,surround,5.5411999928765,0.06180000491440296
Phi,39,black,0-1,1.0,51,surround,9.094400040339679,0.25759998243302107
Phi,40,white,1-0,1.0,29,surround,32.61950000887737,0.10730000212788582
Phi,41,black,1/2-1/2,0.5,160,ply-cap,5.980000016279519,0.17600000137463212
Phi,42,white,1-0,1.0,63,surround,5.549300054553896,0.17110002227127552
Phi,43,black,1/2-1/2,0.5,160,ply-cap,6.981000013183802,0.17090002074837685
Phi,44,white,1-0,1.0,57,surround,7.973200001288205,0.12410001363605261
Phi,45,black,0-1,1.0,57,surround,37.279299984220415,0.08299999171867967
Phi,46,white,1/2-1/2,0.5,160,ply-cap,7.757899991702288,0.15760003589093685
Phi,47,black,0-1,1.0,54,surround,6.303999980445951,0.21229998674243689
Phi,48,white,1-0,1.0,53,surround,7.495800033211708,0.07619999814778566
Phi,49,black,1/2-1/2,0.5,160,ply-cap,6.198599992785603,0.12769998284056783
Chi,0,white,1/2-1/2,0.5,160,ply-cap,32.695500005502254,0.2340999781154096
Chi,1,black,1/2-1/2,0.5,160,ply-cap,8.415899996180087,0.19509997218847275
Chi,2,white,1/2-1/2,0.5,160,ply-cap,6.121099984738976,0.10360003216192126
Chi,3,black,0-1,1.0,76,surround,6.634899997152388,0.1556000206619501
Chi,4,white,1/2-1/2,0.5,160,ply-cap,5.98430004902184,0.12019998393952847
Chi,5,black,1/2-1/2,0.5,160,ply-cap,6.809899990912527,0.1283999881707132
Chi,6,white,1-0,1.0,51,surround,6.803199998103082,0.0706000137142837
Chi,7,black,0-1,1.0,64,surround,6.032200006302446,0.11869997251778841
Chi,8,white,1/2-1/2,0.5,160,ply-cap,31.107500020880252,0.13280002167448401
Chi,9,black,1/2-1/2,0.5,160,ply-cap,5.876499984879047,0.1173000200651586
Chi,10,white,1/2-1/2,0.5,160,ply-cap,6.161400000564754,0.2740000491030514
Chi,11,black,0-1,1.0,63,surround,5.775800033006817,0.12179999612271786
Chi,12,white,1/2-1/2,0.5,160,ply-cap,8.291500038467348,0.22460002219304442
Chi,13,black,1/2-1/2,0.5,160,ply-cap,36.3379999762401,0.25919999461621046
Chi,14,white,1-0,1.0,29,surround,6.578800035640597,0.06549997488036752
Chi,15,black,0-1,1.0,20,surround,5.293199967127293,0.089599983766675
Chi,16,white,1-0,1.0,57,surround,6.453700014390051,0.12969999806955457
Chi,17,black,0-1,1.0,55,surround,6.591199955437332,0.10130001464858651
Chi,18,white,1-0,1.0,53,surround,34.48710002703592,0.12039998546242714
Chi,19,black,1/2-1/2,0.5,160,ply-cap,9.107699966989458,0.1154000055976212
Chi,20,white,1-0,1.0,57,surround,7.144599978346378,0.1583000412210822
Chi,21,black,1/2-1/2,0.5,160,ply-cap,7.311199966352433,0.2883999841287732
Chi,22,white,1-0,1.0,61,surround,33.915999985765666,0.08859997615218163
Chi,23,black,1/2-1/2,0.5,160,ply-cap,6.038899999111891,0.11199997970834374
Chi,24,white,1-0,1.0,34,surround,7.252100040204823,0.0912000541575253
Chi,25,black,1/2-1/2,0.5,160,ply-cap,7.815699966158718,0.10190001921728253
Chi,26,white,1-0,1.0,57,surround,6.758600007742643,0.1566999708302319
Chi,27,black,1/2-1/2,0.5,160,ply-cap,7.133100007195026,0.13719999697059393
Chi,28,white,1/2-1/2,0.5,160,ply-cap,35.12989997398108,0.09240000508725643
Chi,29,black,1/2-1/2,0.5,160,ply-cap,8.634200028609484,0.1066999975591898
Chi,30,white,1-0,1.0,40,surround,7.7385000186041,0.1142999972216785
Chi,31,black,1/2-1/2,0.5,160,ply-cap,6.518099980894476,0.11069996980950236
Chi,32,white,1/2-1/2,0.5,160,ply-cap,6.190899992361665,0.13729999773204327
Chi,33,black,1/2-1/2,0.5,160,ply-cap,7.319800031837076,0.15350000467151403
Chi,34,white,1-0,1.0,54,surround,34.23079999629408,0.16060000052675605
Chi,35,black,0-1,1.0,22,surround,6.513299944344908,0.09329995373263955
Chi,36,white,1/2-1/2,0.5,160,ply-cap,5.899999989196658,0.10260002454742789
Chi,37,black,1/2-1/2,0.5,160,ply-cap,6.572700047399849,0.2266999799758196
Chi,38,white,1-0,1.0,63,surround,5.5259999935515225,0.0790000194683671
Chi,39,black,0-1,1.0,50,surround,9.862200007773936,0.063000014051795
Chi,40,white,1-0,1.0,71,surround,5.9717000112868845,0.06429996574297547
Chi,41,black,1/2-1/2,0.5,160,ply-cap,36.39750002184883,0.2566000330261886
Chi,42,white,1/2-1/2,0.5,160,ply-cap,7.923899975139648,0.20599999697878957
Chi,43,black,0-1,1.0,33,surround,8.703799976501614,0.06539997411891818
Chi,44,white,1/2-1/2,0.5,160,ply-cap,6.336599995847791,0.2432999899610877
Chi,45,black,1/2-1/2,0.5,160,ply-cap,5.975999985821545,0.12390001211315393
Chi,46,white,1/2-1/2,0.5,160,ply-cap,34.42189999623224,0.13329996727406979
Chi,47,black,0-1,1.0,71,surround,6.466499995440245,0.2938000252470374
Chi,48,white,1-0,1.0,63,surround,6.245700002182275,0.1148999435827136
Chi,49,black,0-1,1.0,70,surround,7.665999990422279,0.08800002979114652
Psi,0,white,1/2-1/2,0.5,160,ply-cap,34.74620002089068,0.10760000441223383
Psi,1,black,1/2-1/2,0.5,160,ply-cap,10.890299978200346,0.443600001744926
Psi,2,white,1/2-1/2,0.5,160,ply-cap,7.141900015994906,0.13810000382363796
Psi,3,black,1/2-1/2,0.5,160,ply-cap,6.784399971365929,0.10249996557831764
Psi,4,white,1-0,1.0,82,surround,6.167199986521155,0.11089997133240104
Psi,5,black,0-1,1.0,50,surround,7.387800025753677,0.21630001720041037
Psi,6,white,1/2-1/2,0.5,160,ply-cap,36.01520002121106,0.2717999741435051
Psi,7,black,0-1,1.0,52,surround,6.279400025960058,0.10800000745803118
Psi,8,white,1/2-1/2,0.5,160,ply-cap,6.4830000046640635,0.11720001930370927
Psi,9,black,0-1,1.0,54,surround,10.360300017055124,0.1886999816633761
Psi,10,white,1-0,1.0,59,surround,6.439999968279153,0.10590004967525601
Psi,11,black,1/2-1/2,0.5,160,ply-cap,36.60749999107793,0.11780002387240529
Psi,12,white,1-0,1.0,55,surround,6.053199991583824,0.15850004274398088
Psi,13,black,1/2-1/2,0.5,160,ply-cap,7.014999981038272,0.1238000113517046
Psi,14,white,1-0,1.0,56,surround,6.146900006569922,0.07930002175271511
Psi,15,black,0-1,1.0,94,surround,5.699999979697168,0.08040003012865782
Psi,16,white,1-0,1.0,57,surround,5.768600036390126,0.06390002090483904
Psi,17,black,1/2-1/2,0.5,160,ply-cap,33.52280001854524,0.33489998895674944
Psi,18,white,1/2-1/2,0.5,160,ply-cap,7.886799983680248,0.15079998411238194
Psi,19,black,0-1,1.0,57,surround,6.329600000753999,0.09430001955479383
Psi,20,white,1/2-1/2,0.5,160,ply-cap,6.189899984747171,0.14449999434873462
Psi,21,black,1/2-1/2,0.5,160,ply-cap,36.5746000315994,0.17110002227127552
Psi,22,white,1-0,1.0,65,surround,6.28939998568967,0.0971999834291637
Psi,23,black,1/2-1/2,0.5,160,ply-cap,6.6927000298164785,0.13040000339969993
Psi,24,white,1/2-1/2,0.5,160,ply-cap,8.137400029227138,0.3291000030003488
Psi,25,black,1/2-1/2,0.5,160,ply-cap,34.42489996086806,0.08570001227781177
Psi,26,white,1/2-1/2,0.5,160,ply-cap,8.593700011260808,0.15849998453631997
Psi,27,black,0-1,1.0,58,surround,7.341100019402802,0.07509998977184296
Psi,28,white,1-0,1.0,70,surround,6.405299995094538,0.2251000260002911
Psi,29,black,1/2-1/2,0.5,160,ply-cap,9.199100022669882,0.10410003596916795
Psi,30,white,1/2-1/2,0.5,160,ply-cap,32.9067999846302,0.08379999781027436
Psi,31,black,1/2-1/2,0.5,160,ply-cap,5.903100012801588,0.1485000248067081
Psi,32,white,1-0,1.0,17,surround,7.914499961771071,0.07720000576227903
Psi,33,black,0-1,1.0,90,surround,6.545400014147162,0.18400000408291817
Psi,34,white,1-0,1.0,65,surround,5.714799975976348,0.11299998732283711
Psi,35,black,0-1,1.0,66,surround,34.17470003478229,0.08610001532360911
Psi,36,white,1-0,1.0,67,surround,5.9430000255815685,0.08570001227781177
Psi,37,black,0-1,1.0,52,surround,7.405799988191575,0.09799998952075839
Psi,38,white,1-0,1.0,59,surround,6.427899992559105,0.06639998173341155
Psi,39,black,0-1,1.0,50,surround,36.092700029257685,0.07229996845126152
Psi,40,white,1-0,1.0,31,surround,5.84929995238781,0.0847000046633184
Psi,41,black,1/2-1/2,0.5,160,ply-cap,7.3930000071413815,0.17230003140866756
Psi,42,white,1/2-1/2,0.5,160,ply-cap,6.073700031265616,0.14750001719221473
Psi,43,black,0-1,1.0,39,surround,7.254700001794845,0.1113000325858593
Psi,44,white,1/2-1/2,0.5,160,ply-cap,6.500500021502376,0.16359996516257524
Psi,45,black,1/2-1/2,0.5,160,ply-cap,33.72990002389997,0.21379999816417694
Psi,46,white,1/2-1/2,0.5,160,ply-cap,5.704900017008185,0.13480003690347075
Psi,47,black,0-1,1.0,67,surround,6.143699982203543,0.11690001701936126
Psi,48,white,1-0,1.0,59,surround,5.498699960298836,0.06669998401775956
Psi,49,black,1/2-1/2,0.5,160,ply-cap,35.906000004615635,0.16360002337023616
Omega,0,white,1-0,1.0,73,surround,35.26350000174716,0.08530000923201442
Omega,1,black,1/2-1/2,0.5,160,ply-cap,7.831500028260052,0.1113000325858593
Omega,2,white,1/2-1/2,0.5,160,ply-cap,7.153599988669157,0.10350003140047193
Omega,3,black,0-1,1.0,91,surround,7.786399975884706,0.19609997980296612
Omega,4,white,1-0,1.0,53,surround,8.738900010939687,0.20740000763908029
Omega,5,black,1/2-1/2,0.5,160,ply-cap,38.67720003472641,0.18850003834813833
Omega,6,white,1/2-1/2,0.5,160,ply-cap,7.431199948769063,0.18820003606379032
Omega,7,black,1/2-1/2,0.5,160,ply-cap,6.73540000570938,0.12749998131766915
Omega,8,white,1-0,1.0,55,surround,6.786799989640713,0.0860999571159482
Omega,9,black,1/2-1/2,0.5,160,ply-cap,6.750000000465661,0.1566999708302319
Omega,10,white,0-1,0.0,21,surround,7.058599963784218,0.07890001870691776
Omega,11,black,1/2-1/2,0.5,160,ply-cap,34.88270001253113,0.16610004240646958
Omega,12,white,1/2-1/2,0.5,160,ply-cap,7.76810001116246,0.31589996069669724
Omega,13,black,1/2-1/2,0.5,160,ply-cap,9.140299982391298,0.11740002082660794
Omega,14,white,1-0,1.0,51,surround,7.115000043995678,0.10730000212788582
Omega,15,black,0-1,1.0,56,surround,7.890000008046627,0.10909995762631297
Omega,16,white,1-0,1.0,50,surround,9.781400032807142,0.11790002463385463
Omega,17,black,1/2-1/2,0.5,160,ply-cap,37.520799960475415,0.18890004139393568
Omega,18,white,1/2-1/2,0.5,160,ply-cap,8.062499982770532,0.19529997371137142
Omega,19,black,0-1,1.0,60,surround,6.773500004783273,0.08979998528957367
Omega,20,white,1-0,1.0,55,surround,9.102699987124652,0.10490004206076264
Omega,21,black,0-1,1.0,64,surround,6.4335999777540565,0.11770002311095595
Omega,22,white,0-1,0.0,27,surround,37.24559996044263,0.08880003588274121
Omega,23,black,1/2-1/2,0.5,160,ply-cap,6.876699975691736,0.19450002582743764
Omega,24,white,1-0,1.0,59,surround,8.382799976971,0.1430999836884439
Omega,25,black,1/2-1/2,0.5,160,ply-cap,9.838600002694875,0.12459995923563838
Omega,26,white,0-1,0.0,25,surround,8.222000033129007,0.06799999391660094
Omega,27,black,1/2-1/2,0.5,160,ply-cap,7.922000018879771,0.1406999654136598
Omega,28,white,1-0,1.0,54,surround,38.771199993789196,0.16930000856518745
Omega,29,black,0-1,1.0,66,surround,8.671899966429919,0.07589999586343765
Omega,30,white,1-0,1.0,55,surround,9.31029999628663,0.11399999493733048
Omega,31,black,1/2-1/2,0.5,160,ply-cap,6.471699976827949,0.5215999553911388
Omega,32,white,0-1,0.0,37,surround,7.385999953839928,0.11230004020035267
Omega,33,black,0-1,1.0,83,surround,6.899400032125413,0.09159999899566174
Omega,34,white,1-0,1.0,57,surround,7.430999947246164,0.11150003410875797
Omega,35,black,1/2-1/2,0.5,160,ply-cap,7.035600021481514,0.14359998749569058
Omega,36,white,1/2-1/2,0.5,160,ply-cap,33.65890000713989,0.1922000083141029
Omega,37,black,0-1,1.0,60,surround,8.169799984898418,0.1466000103391707
Omega,38,white,1-0,1.0,65,surround,8.204000012483448,0.18719997024163604
Omega,39,black,0-1,1.0,80,surround,6.522299954667687,0.1838000025600195
Omega,40,white,1-0,1.0,51,surround,9.075900015886873,0.19459996838122606
Omega,41,black,1/2-1/2,0.5,160,ply-cap,40.24390003178269,0.1697000116109848
Omega,42,white,0-1,0.0,37,surround,8.99469997966662,0.2052999916486442
Omega,43,black,1/2-1/2,0.5,160,ply-cap,6.660799961537123,0.23880001390352845
Omega,44,white,1/2-1/2,0.5,160,ply-cap,8.412899973336607,0.17670000670477748
Omega,45,black,1/2-1/2,0.5,160,ply-cap,37.417199986521155,0.16729999333620071
Omega,46,white,1/2-1/2,0.5,160,ply-cap,7.579000026453286,0.24369999300688505
Omega,47,black,1/2-1/2,0.5,160,ply-cap,6.347599963191897,0.20289997337386012
Omega,48,white,1-0,1.0,51,surround,8.48959997529164,0.11610001092776656
Omega,49,black,0-1,1.0,54,surround,8.27620003838092,0.1281999866478145
