game,seed,alpha_color,score,result,reason,plies,max_alpha_ms,max_opponent_ms,trace
0,2709135398,white,1.0,1-0,surround,33,180.716,182.947,wG1;bB1 wG1/;wB1 wG1\;bG1 bB1-;wA1 /wG1;bQ \bB1;wQ wA1\;bA1 bG1-;wS1 -wG1;bA1 wQ\;wS1 \bQ;bG1 /bQ;wG2 -wS1;bS1 bA1\;wA1 /bS1;bB1 bG1;wG2 bQ/;bG2 bS1/;wG3 /wG1;bG2 /wQ;wS2 \wG2;bA2 bS1/;wA1 bA2-;bS1 wA1-;wS2 wG2\;bS2 bG2\;wA2 wB1/;bB1 wG1;wA2 /wS1;bB1 wG3;wB1 wB1/;bS2 /bB1;wB1 bQ\
1,2709135398,black,1.0,0-1,surround,30,173.375,173.598,wG1;bB1 wG1/;wB1 wG1\;bG1 bB1-;wA1 /wG1;bQ \bB1;wQ wA1\;bA1 bG1-;wS1 -wG1;bA1 wQ\;wS1 \bQ;bG1 /bQ;wS2 -wS1;bS1 bA1-;wB2 /wA1;bA2 bB1-;wA1 bA2\;bA3 \bA2;wB2 wQ;bG1 wB1\;wB2 bA1;bA3 -wQ;wG2 wS1/;bS1 bA3\;wA2 -wG1;bG2 /bA3;wA2 -bG2;bG3 \bA2;wA1 -bA3;bA2 /wG1
2,2709135399,white,1.0,1-0,surround,59,174.09,174.603,wA1;bS1 wA1\;wS1 wA1/;bG1 bS1-;wQ -wA1;bQ /bS1;wA2 /wQ;bA1 bG1\;wA2 /bA1;bA2 -bQ;wA2 /bA2;bA3 bA1-;wA3 wS1-;bA3 wA3/;wS2 /wA2;bA1 wS2\;wG1 \wQ;bG1 wQ\;wG1 bQ\;bG1 \wQ;wG2 \wS1;bS2 \bG1;wG3 /wG1;bS2 /wQ;wG3 bS1\;bS1 bA3\;wB1 wS1\;bA3 /bG1;wB1 wA1\;bG2 -bG1;wG2 wS1\;bG2 bA2\;wB1 bQ;bG2 wG3\;wB2 wG2\;bS2 -wS2;wS1 bS1/;bG2 bA2\;wS1 wA3\;bA2 \wA3;wS1 wG3\;bA1 wS1\;wG1 wA3\;bA3 bA3\;wB1 wA1\;bA1 /bG1;wS1 wA2\;bG3 -bG1;wA2 bA3\;bA2 \wA1;wB1 bQ;bA3 /wA2;wQ wQ\;bG3 bA1\;wB1 wA1\;bG2 -bG1;wA3 bQ\;bA1 \bG1;wG2 wA2\
3,2709135399,black,0.5,1/2-1/2,draw,82,198.305,177.035,wA1;bS1 wA1\;wS1 wA1/;bG1 bS1-;wA2 -wS1;bQ /bS1;wQ /wA2;bA1 bG1\;wA2 /bA1;bA2 -bQ;wA2 /bA2;bA3 bA1-;wA3 \wS1;bA3 \wA3;wS2 wS1-;bA1 wS2/;wG1 /wA3;bG1 wQ\;wQ -wG1;bS2 -bA3;wB1 /wQ;bA1 /wB1;wB2 -wA2;bS1 wS2-;wG2 wS1\;bS2 wA3/;wG2 wQ\;bA3 \wQ;wG2 bQ\;bA3 bA2\;wB2 bA1\;bG1 /wA2;wA1 wA1\;bA2 wB1\;wG3 -wA3;bA1 \wG3;wG1 \bA1;bB1 -bG1;wA1 /bB1;bQ wG2/;wA1 wQ\;bB2 \bQ;wA1 wG3\;bB1 bG1;wA1 wQ\;bS2 wG1/;wB1 wQ;bB2 bQ;wB1 wG3\;bS2 wA3/;wQ /bA1;bB2 wG2;wQ /wG1;bB1 wA2\;wG1 wB1\;bG2 bA3\;wB1 wA1;bA3 -wQ;wB1 wB1\;bG3 \bA3;wA1 \bG3;bS2 \bA1;wA1 wG3\;bG3 bA3\;wA3 /wG3;bA3 -wB2;wA3 \bA3;bG1 bA2\;wA3 \bA2;bB2 bG2;wA3 bQ-;bA2 wA3\;pass;bB2 wG2;pass;bA3 \wB2;pass;bA3 /bA3;pass;bA3 \wB2;pass;bA3 /bA3
4,2709135400,white,1.0,1-0,surround,41,177.079,173.704,wS1;bS1 wS1\;wQ -wS1;bS2 /bS1;wA1 \wS1;bQ bS1-;wS2 wS1/;bS2 -wQ;wS2 bQ-;bA1 /bS2;wA1 -bA1;bB1 /bS1;wA2 /wA1;bB1 bS1;wG1 wS2\;bA2 bA1\;wA2 /bA2;bG1 \bS2;wG1 \wS2;bG2 bB1\;wA3 \wS1;bG2 \wA3;wG2 wS2/;bG1 bS2\;wG2 bQ\;bA3 /bB1;wG3 wS2/;bG3 bA3\;wB1 \wG1;bG3 wQ\;wA1 -bG2;bA1 \wB1;wG3 /wB1;bA1 /wG2;wB1 wG1;bB2 bG2/;wB1 bQ;bB1 wB1;wG1 bS1\;bA1 wA2\;wA1 \wS2
5,2709135400,black,0.0,1-0,surround,41,178.067,178.34,wS1;bS1 wS1\;wQ -wS1;bS2 /bS1;wA1 \wS1;bQ bS1-;wS2 wS1/;bS2 -wQ;wS2 bQ-;bA1 -bS2;wA1 \bA1;bA2 bS1\;wA1 bA2\;bA3 /bS1;wA2 wS2/;bA3 wA2/;wG1 wS2\;bG1 \bS2;wB1 wS1/;bA1 wB1-;wA3 wA1\;bG1 bS2\;wA3 /bS1;bA1 \wQ;wG1 -wA2;bA3 \wB1;wA2 bA3/;bG2 \bA1;wG2 /wA1;bG2 wQ\;wG3 wS2/;bG3 /bG1;wA3 /bG3;bG2 wA2\;wA3 -bA3;bA1 wA2/;wB2 -wG2;bB1 /bS1;wG3 wB1\;bA1 /wA3;wA2 bQ\
6,2709135401,white,1.0,1-0,surround,37,178.359,168.299,wB1;bS1 wB1\;wA1 -wB1;bQ bS1-;wQ wB1/;bA1 /bS1;wA1 bQ\;bA1 \wQ;wA2 -wB1;bA2 \bA1;wA2 bQ/;bG1 /bA2;wG1 wA2/;bG1 wQ/;wG1 bS1\;bA3 bG1/;wS1 wG1\;bA2 /wS1;wA3 -wB1;bA3 -wA3;wB2 wA1-;bB1 bG1-;wB2 wA2\;bB1 bG1\;wG2 wB2-;bA2 wG2/;wS1 wA3\;bB1 wA2;wG3 wB2\;bA2 wG3\;wG2 wA1\;bA2 wG2\;wG3 bG1\;bA2 /wG2;wB1 wQ;bG2 \bA1;wB1 wB1\
7,2709135401,black,0.0,1-0,surround,37,181.058,175.766,wB1;bS1 wB1\;wA1 -wB1;bQ bS1-;wQ wB1/;bA1 /bS1;wA1 bQ\;bA1 wQ/;wS1 wA1\;bA2 /bS1;wS1 bQ/;bS2 bA1/;wG1 wA1\;bS2 -wQ;wA2 /wA1;bA2 wG1\;wG2 wS1/;bA3 \bA1;wA2 wS1\;bB1 /bS1;wA2 /bB1;bB2 bA1/;wG2 bS1\;bA3 wS1-;wA3 wG1/;bA3 bB1\;wB2 wS1-;bB2 bA1;wB2 wS1\;bB2 wQ;wG3 wB2/;bA3 wG3-;wA3 wG3\;bA3 \bA3;wA2 bA3\;bG1 bA1-;wG3 bB2\
8,2709135402,white,0.5,1/2-1/2,draw,81,193.104,198.013,wA1;bS1 wA1\;wA2 \wA1;bS2 bS1\;wA3 -wA2;bA1 bS2/;wQ wA1/;bQ /bS2;wA3 bA1-;bA2 /bS1;wA2 -bA2;bA3 bS2\;wA2 bA3\;bA2 wQ/;wS1 wA2\;bQ /bS1;wS2 -wQ;bA2 -wS2;wB1 wA3/;bG1 bQ\;wB1 -wB1;bG1 /wA1;wQ \wQ;bG1 wA3-;wG1 wQ\;bB1 \bA2;wG1 /bB1;bG2 \bB1;wB1 wA3;bG2 bA2\;wB2 \wQ;bB1 wG1;wB1 bG1;bG3 bB1\;wB2 wQ;bG2 wB2/;wB2 -wB2;bB2 bG2-;wS1 bQ\;bQ /bQ;wB2 wS2;bB2 bG2\;wG2 /wA2;bG3 -wQ;wG2 wA2/;bB1 -bG3;wA2 \bQ;bA2 \wA2;wB2 bG3;bA2 /wA1;wA2 -bA2;bQ bQ\;wB2 -bG2;bB2 wQ;wB2 bB2;bQ -wS1;wB1 wB1-;bQ bQ\;wG3 wG2-;bQ -wS1;wG3 -bQ;bG2 /wS2;wA1 bQ\;pass;wA1 /wG3;pass;wA1 wS1\;pass;wG3 wG2-;bQ bQ\;wA2 /bQ;pass;wB1 bG1;pass;wG3 -wS1;pass;wG3 wG2-;pass;wG3 -wS1;pass;wG3 wG2-
9,2709135402,black,0.0,1-0,surround,35,176.033,173.954,wA1;bS1 wA1\;wA2 \wA1;bS2 bS1\;wA3 \wA2;bQ bS2-;wQ wA1/;bA1 /bS1;wA3 /bA1;bA2 \bQ;wA2 bA2/;bS2 /wA3;wS1 wA2/;bA3 bS1\;wS1 bQ-;bA3 \wQ;wA2 /bQ;bB1 bA2/;wG1 wS1/;bG1 -bA3;wG2 wA2\;bG1 wQ/;wG1 bQ\;bB1 bA2;wB1 wS1/;bA3 wB1-;wG3 /wA2;bA3 wG2\;wB1 -wB1;bG2 \bG1;wB1 bB1;bA3 -wQ;wG2 bS1\;bG2 bG1\;wB1 \wS1
10,2709135403,white,0.0,0-1,surround,42,169.402,184.59,wS1;bS1 -wS1;wG1 wS1\;bQ \bS1;wQ wG1-;bA1 /bS1;wS2 wS1/;bA2 /bQ;wS2 \bQ;bA2 wQ/;wA1 wS1/;bS2 bA2/;wA1 -bA1;bA3 -bS2;wA2 /wG1;bS2 wQ\;wG2 -wS2;bA3 /wA2;wA3 \wA1;bA2 -wA3;wG2 bQ/;bG1 /bA3;wG3 wS1/;bG1 wG3\;wG3 bS1\;bG2 /bS2;wB1 -wS2;bG2 bS2/;wB2 wG2-;bG3 bG2\;wG1 /bA3;bG3 /wQ;wG3 wA2\;bB1 bG1/;wA2 bA1\;bB1 bG1;wA2 -bA2;bB2 bG2/;wA2 wA1\;bB2 -bB2;wA2 \bB2;bB1 wS1\
11,2709135403,black,1.0,0-1,surround,54,177.292,176.556,wS1;bS1 -wS1;wG1 wS1\;bQ \bS1;wQ wG1-;bA1 /bS1;wA1 /wG1;bA1 wQ\;wA1 \bQ;bG1 /bA1;wG2 \wQ;bG1 bA1/;wG2 /bQ;bS2 bG1\;wB1 \wQ;bG2 bS2\;wB2 /wG1;bG3 bG2/;wA2 \wA1;bG2 \bG1;wB1 bG2;bA1 -wA2;wS2 -wB1;bG3 wQ\;wS2 bQ/;bA2 \bA1;wG3 \wB1;bA2 -wB2;wA3 -wG3;bA3 bS2/;wA3 wG2\;bA2 /wA3;wB2 wG1;bS2 wB2\;wB2 wS1;bB1 bG1\;wB2 -wG3;bB1 bG3;wG1 wS2\;bB1 wQ;wB1 bG1;bA3 wG3/;wB1 bB1;bB2 -bS2;wG1 /wA1;bB2 bS2;wB1 bB2;bA3 -wG1;wG2 bA1\;bA1 wS1\;wB1 bB1;bB2 wB1;wG2 wG1\;bB2 wB2\
12,2709135404,white,0.0,0-1,surround,28,179.564,175.789,wA1;bS1 wA1\;wB1 -wA1;bA1 /bS1;wQ \wA1;bQ bS1-;wB1 wA1;bA2 bQ/;wB1 bS1;bA3 bQ\;wS1 wA1/;bA3 wS1/;wB1 bQ;bA1 \wQ;wA2 wB1\;bA2 bA3\;wG1 wA2/;bS2 \bA1;wA2 bS2/;bG1 /bS2;wG2 wB1\;bA3 /wQ;wS2 wG1\;bG1 \wS1;wA2 bA2-;bG2 \bG1;wA2 bS1\;bG2 /bA1
13,2709135404,black,1.0,0-1,surround,30,177.243,181.017,wA1;bS1 wA1\;wB1 -wA1;bA1 /bS1;wQ \wA1;bQ bS1-;wB1 wA1;bA2 bQ/;wB1 bS1;bA3 bA2\;wS1 wA1/;bA2 wS1/;wQ /wQ;bA1 -wQ;wS2 /wB1;bA3 bA1\;wB1 bQ;bG1 /bA3;wG1 wB1/;bG1 -wS1;wG2 wG1\;bG2 bA2/;wA2 /wS2;bG2 wQ\;wA2 bA2-;bB1 \bA1;wA2 bB1/;bG3 -bB1;wA2 \bG3;bA2 -bG1
14,2709135405,white,0.0,0-1,surround,26,173.766,189.548,wS1;bG1 wS1-;wS2 -wS1;bQ bG1/;wQ wS2\;bS1 bG1\;wS2 \bQ;bS1 /wQ;wA1 \wS2;bA1 bG1\;wA1 bQ-;bS2 /bS1;wB1 \wS1;bG2 -bS1;wB1 wS1;bG2 wQ\;wB2 \wB1;bA2 bG2\;wG1 wA1\;bS2 /wB2;wA2 wG1/;bA2 /bS2;wA2 bA1\;bG3 -bA2;wA2 /wG1;bA1 wB1\
15,2709135405,black,0.0,1-0,surround,27,180.177,168.564,wS1;bG1 wS1-;wS2 -wS1;bQ bG1/;wQ wS2\;bS1 bG1\;wS2 \bQ;bS1 /wQ;wA1 \wS2;bA1 bS1\;wA1 bQ-;bS2 -bS1;wA2 wA1-;bA1 -wQ;wG1 \wA2;bS2 wQ\;wG1 bQ\;bA2 \bA1;wA2 \wA1;bG2 /bA1;wG2 \wA2;bA2 wG2/;wG3 wA1-;bA1 wG3/;wA3 \wS1;bA2 /wA3;wG2 /wS2
16,2709135406,white,1.0,1-0,surround,43,180.161,178.064,wG1;bS1 wG1\;wB1 wG1/;bA1 bS1-;wQ -wB1;bQ /bS1;wB1 wG1;bA2 bS1\;wB1 bS1;bA1 wQ/;wB1 bA2;bB1 -bQ;wS1 wB1-;bA3 bA1-;wA1 wB1\;bA3 wA1\;wB2 /wQ;bS2 bA1/;wA2 -wB2;bA3 /wA2;wA1 /bB1;bG1 bS2\;wS2 -wQ;bG1 -bA1;wB2 wG1;bG2 -bS2;wA3 -wS2;bG2 bA1\;wA3 -bA3;bG3 bS2/;wA1 bG3-;bB1 /wB2;wB2 bB1;bB2 bS2\;wS1 /bQ;bB2 bG3\;wA1 \bG3;bB2 bS2;wA3 bG2\;bG2 -wS2;wA1 /wB2;bG3 wS2\;wB1 bQ\
17,2709135406,black,0.0,1-0,surround,45,191.295,177.903,wG1;bS1 wG1\;wB1 wG1/;bA1 bS1-;wQ -wB1;bQ /bS1;wB1 wG1;bA2 /bQ;wB1 bS1;bS2 bA1/;wS1 /wQ;bA2 /wS1;wS2 wG1/;bS2 wS2/;wQ -wQ;bS2 wQ/;wB1 bQ;bA2 /wB1;wA1 /wS1;bA1 /wA1;wS2 bS1\;bA3 \bS2;wA2 wS2-;bG1 bS2-;wA2 bA2\;bG1 /bA3;wB1 wS1\;bA3 wG1/;wG2 wA2\;bA3 /wQ;wG1 wA1\;bS1 wS2\;wS1 wS2/;bA1 bS2\;wA3 /wA1;bG2 \bS2;wA3 -wS1;bG3 -bG1;wS1 bA1-;bG2 bA1\;wG3 /wA2;bA3 /wG3;wA1 /bA2;bA3 /bS1;wG3 bQ\
18,2709135407,white,0.5,1/2-1/2,draw,107,178.911,184.02,wA1;bS1 wA1/;wA2 /wA1;bG1 bS1-;wQ wA1\;bQ bG1/;wA3 wQ-;bA1 \bS1;wA2 bA1/;bS2 bQ-;wA3 bS2/;bA2 bG1\;wB1 -wA1;bA2 /wB1;wS1 wQ-;bA3 bS2\;wA3 /bA3;bG2 bA3/;wS2 \wA2;bG2 /wA3;wS1 wA3\;bA2 /wQ;wS2 \bS2;bG3 -bA2;wB1 /bA1;bG3 wQ\;wB1 bA1;bA2 \wA2;wG1 -wA1;bG2 wS1-;wG1 bS1\;bA2 bG1\;wA1 wG1\;bB1 /bG3;wQ /bS1;bG1 bA2\;wQ /wB1;bQ -wS2;wA2 \bQ;bA2 /bS2;wQ -wB1;bB1 bG3;wG2 wS2/;bA3 \wQ;wG3 wA2/;bB2 bS2-;wG2 bQ\;bB2 bS2;wG3 /wA2;bS1 /bA3;wB2 wA2/;bA3 wB2/;wG1 wA1\;bB1 wA1;wG1 -bG3;bB2 wS2;wB1 wG3\;bB1 bG3;wG1 wA1\;bB1 wA1;wG1 -bG3;bB1 bG3;wB1 wG3;bB1 -wA1;wG1 wA1\;bB1 wA1;wB1 bA1;bA3 bA3\;wG2 -wB2;bA3 wB2\;wB2 bA3;bQ wG3\;wB1 bQ;bB2 wB2;wG2 wA2\;bB2 wA2;wG3 wB1\;bB2 wB2;wA2 /wA2;bS2 bG2/;wG1 -bG3;bS2 wS1\;wB1 bA1;bS2 bG3\;wA2 wB1\;bS2 -wG1;wA2 -wG2;bB1 bG1;wA2 -bS2;bB1 wA3;wB1 wQ;bG2 -wA1;wS1 bG3\;bB1 bA2;wB1 bS1;bB1 wG3;wS2 \bB2;bB1 bA1\;wA2 wA2\;bB1 bA1;wA2 bB2/;bB1 bB1\;wA2 /bS2;bB1 bA1;wA2 bB2/;bB1 bB1\;wA2 /bS2
19,2709135407,black,1.0,0-1,surround,42,179.882,176.238,wA1;bS1 wA1/;wA2 /wA1;bG1 bS1-;wQ wA1\;bQ bG1/;wA3 wQ-;bG2 -bQ;wA2 bQ-;bA1 -bG2;wA3 \bA1;bG2 /wA1;wQ bG2\;bA2 -bQ;wS1 wA2-;bA2 wQ\;wS1 \bQ;bA3 bA2-;wS2 wA2\;bA3 -wS1;wG1 wS2-;bS2 bG1\;wA3 \wA2;bS2 bA2/;wG1 bQ\;bG1 wS2-;wA2 wA1\;bA2 /wQ;wB1 wA3/;bG2 bS2/;wB1 wA3;bG3 bG2\;wB1 bQ;bG3 -wQ;wA3 bG2-;bG1 /wB1;wB2 -wA1;bA1 wQ\;wG2 wB1/;bA3 bG2\;wB1 wS1;bG2 wB2\
