game	ply	label	finish	position
0	0	0.000000	adjudicated	G1|w|0|0|0|
0	6	0.000000	adjudicated	G1|w|6|3|3|-2,0=bG1;-1,-1=bB1;0,-1=bA1;0,0=wB1;1,0=wB2;2,-1=wG1
0	8	0.000000	adjudicated	G1|w|8|4|4|-3,0=bQ;-2,0=bG1;-1,-1=bB1;0,-1=bA1;0,0=wB1;1,0=wB2;2,-1=wG1;3,-1=wQ
0	10	0.000000	adjudicated	G1|w|10|5|5|-3,0=bQ;-2,0=bG1;-1,-2=bB2;-1,-1=bB1;0,-1=bA1;0,0=wB1;1,0=wB2;1,1=wA1;2,-1=wG1;3,-1=wQ
0	12	0.000000	adjudicated	G1|w|12|6|6|-4,0=wA1;-3,0=bQ;-2,0=bG1;-2,1=bS1;-1,-2=bB2;-1,-1=bB1;0,-1=bA1;0,0=wB1;1,0=wB2;2,-1=wG1;3,-1=wQ
0	14	0.000000	adjudicated	G1|w|14|7|7|-4,0=wA1;-3,0=bQ;-2,0=bG1;-2,1=bS1;-1,-2=bB2;-1,-1=bB1;0,-2=bG2;0,-1=bA1;0,0=wB1;1,0=wB2;2,-2=wS1;2,-1=wG1;3,-1=wQ
0	16	0.000000	adjudicated	G1|w|16|8|8|-4,-1=wA2;-4,0=wA1;-3,0=bQ;-2,0=bG1;-2,1=bS1;-2,2=bG3;-1,-2=bB2;-1,-1=bB1;0,-2=bG2;0,-1=bA1;0,0=wB1;1,0=wB2;2,-2=wS1;2,-1=wG1;3,-1=wQ
0	18	0.000000	adjudicated	G1|w|18|9|9|-4,0=wA1;-3,0=bQ;-2,-1=wA2;-2,0=bG1;-2,1=bS1;-2,2=bG3;-1,-3=bS2;-1,-2=bB2;-1,-1=bB1;0,-2=bG2;0,-1=bA1;0,0=wB1;1,0=wB2;2,-2=wS1;2,-1=wG1;3,-1=wQ
0	20	0.000000	adjudicated	G1|w|20|10|10|-4,-1=bS2;-4,0=wA1;-3,0=bQ;-2,-1=wA2;-2,0=bG1;-2,1=bS1;-2,2=bG3;-1,-2=bB2;-1,-1=bB1;0,-2=bG2;0,-1=bA1;0,0=wB1;0,1=wS2;1,0=wB2;2,-2=wS1;2,-1=wG1;3,-1=wQ
0	22	0.000000	adjudicated	G1|w|22|11|11|-4,0=wA1;-3,0=bQ;-2,-1=wA2;-2,0=bG1;-2,1=bS1;-2,2=bG3;-1,-3=bS2;-1,-2=bB2;-1,-1=bB1;0,-2=bG2;0,-1=bA1;0,0=wB1;0,1=wS2;1,0=wB2;2,-3=wG2;2,-2=wS1;2,-1=wG1;3,-1=wQ
0	24	0.000000	adjudicated	G1|w|24|12|12|-3,-1=bQ;-3,1=wA1;-2,-1=wA2;-2,0=bG1;-2,1=bS1;-2,2=bG3;-1,-3=bS2;-1,-2=bB2;-1,-1=bB1;0,-2=bG2;0,-1=bA1;0,0=wB1;0,1=wS2;1,0=wB2;2,-3=wG2;2,-2=wS1;2,-1=wG1;3,-1=wQ
0	26	0.000000	adjudicated	G1|w|26|13|13|-3,-1=bQ;-2,-1=wA2;-2,0=bG1;-2,1=bS1;-2,2=bG3;-1,-3=bS2;-1,-2=bB2,bB1;0,-2=bG2;0,-1=bA1;0,0=wB1;0,1=wS2;1,0=wB2;2,-3=wG2;2,-2=wS1;2,-1=wG1;3,-1=wQ;3,0=wA1
0	28	0.000000	adjudicated	G1|w|28|14|14|-4,-1=wA1;-3,-1=bQ;-2,-1=wA2;-2,0=bG1;-2,1=bS1;-2,2=bG3;-1,-3=bS2;-1,-2=bB2;0,-3=bB1;0,-2=bG2;0,-1=bA1;0,0=wB1;0,1=wS2;1,0=wB2;2,-3=wG2;2,-2=wS1;2,-1=wG1;3,-1=wQ
0	30	0.000000	adjudicated	G1|w|30|15|15|-4,-2=wG3;-4,-1=wA1;-3,-1=bQ;-2,-1=wA2;-2,0=bG1;-2,1=bS1;-2,2=bG3;-1,-2=bB2;0,-3=bB1;0,-2=bG2;0,-1=bA1;0,0=wB1;0,1=wS2;1,0=wB2;2,-4=bS2;2,-3=wG2;2,-2=wS1;2,-1=wG1;3,-1=wQ
0	32	0.000000	adjudicated	G1|w|32|16|16|-4,-2=wG3;-4,-1=wA1;-3,-3=wA3;-3,-1=bQ;-2,-1=wA2;-2,0=bG1;-2,1=bS1;-2,2=bG3;-1,-2=bB2;0,-3=bB1;0,-2=bG2;0,-1=bA1;0,0=wB1;0,1=wS2;1,0=wB2;2,-3=wG2;2,-2=wS1;2,-1=wG1;3,-2=bS2;3,-1=wQ
0	34	0.000000	adjudicated	G1|w|34|17|17|-4,-2=wG3;-4,-1=wA1;-3,-1=bQ;-3,0=wA3;-2,-1=wA2;-2,0=bG1;-2,1=bS1;-2,2=bG3;-1,-2=bB2;0,-3=bB1;0,-2=bG2;0,-1=bA1;0,0=wB1;0,1=wS2;1,0=wB2;2,-3=wG2;2,-2=wS1;2,-1=wG1;3,-1=wQ;3,0=bS2
0	36	0.000000	adjudicated	G1|w|36|18|18|-4,-2=wG3;-4,-1=wA1;-3,-1=bQ;-2,-1=wA2;-2,0=bG1;-2,1=bS1;-2,2=bG3;-1,-2=bB2;0,-2=bG2;0,-1=bA1;0,0=wB1;0,1=wS2;1,-3=bB1;1,0=wB2;2,-3=wG2;2,-2=wS1;2,-1=wG1;3,-1=wQ;3,0=bS2;4,-2=wA3
0	38	0.000000	adjudicated	G1|w|38|19|19|-4,-2=wG3;-4,-1=wA1;-4,0=wA3;-3,-1=bQ;-2,-1=wA2;-2,0=bG1;-2,1=bS1;-2,2=bG3;-1,-2=bB2;0,-2=bG2;0,-1=bA1;0,0=wB1;0,1=wS2;1,-4=bA2;1,-3=bB1;1,0=wB2;2,-3=wG2;2,-2=wS1;2,-1=wG1;3,-1=wQ;3,0=bS2
0	40	0.000000	adjudicated	G1|w|40|20|20|-4,-2=wG3;-4,-1=wA1;-4,0=wA3;-3,-1=bQ;-2,-1=wA2;-2,0=bG1;-2,1=bS1;-2,2=bG3;-1,-2=bB2;0,-2=bG2;0,-1=bA1;0,0=wB1;0,1=wS2;1,-3=bB1;1,0=wB2;2,-3=wG2;2,-1=wG1;3,-1=wQ;3,0=bS2;4,-2=wS1;4,-1=bA2
0	42	0.000000	adjudicated	G1|w|42|21|21|-4,-2=wG3;-4,-1=wA1;-4,0=wA3;-3,-1=bQ;-2,-1=wA2;-2,0=bG1;-2,1=bS1;-2,2=bG3;-1,-2=bB2;0,-2=bG2;0,-1=bA1;0,0=wB1;0,1=wS2;1,-3=bB1;1,-2=wS1;1,0=wB2;2,-3=wG2;2,-1=wG1;2,1=bA3;3,-1=wQ;3,0=bS2;4,-1=bA2
0	44	0.000000	adjudicated	G1|w|44|22|22|-4,-2=wG3;-4,-1=wA1;-4,0=wA3;-3,-1=bQ;-2,-1=wA2;-2,0=bG1;-2,1=bS1;-2,2=bG3;-1,-2=bB2;0,-2=bG2;0,-1=bA1;0,0=wB1;1,-2=wS1;1,0=wB2;2,-4=bB1;2,-3=wG2;2,-1=wG1;2,1=bA3;2,2=wS2;3,-1=wQ;3,0=bS2;4,-1=bA2
0	46	0.000000	adjudicated	G1|w|46|23|23|-4,-2=wG3;-4,-1=wA1;-3,-2=wA3;-3,-1=bQ;-2,-1=wA2;-2,0=bG1;-2,1=bS1;-2,2=bG3;-1,-2=bB2;0,-2=bG2;0,-1=bA1;0,0=wB1;1,-2=wS1;1,0=wB2;2,-3=wG2;2,-1=wG1;2,1=bA3;2,2=wS2;3,-4=bB1;3,-1=wQ;3,0=bS2;4,-1=bA2
0	48	0.000000	adjudicated	G1|w|48|24|24|-4,-1=wA1;-4,0=wG3;-3,-2=wA3;-3,-1=bQ;-2,-1=wA2;-2,0=bG1;-2,1=bS1;-2,2=bG3;-1,-2=bB2;-1,1=bA2;0,-2=bG2;0,-1=bA1;0,0=wB1;1,-2=wS1;1,0=wB2;2,-3=wG2;2,-1=wG1;2,1=bA3;2,2=wS2;3,-4=bB1;3,-1=wQ;3,0=bS2
0	50	0.000000	adjudicated	G1|w|50|25|25|-4,-1=wA1;-4,0=wG3;-3,-1=bQ;-3,0=wA3;-3,2=bA2;-2,-1=wA2;-2,0=bG1;-2,1=bS1;-2,2=bG3;-1,-2=bB2;0,-2=bG2;0,-1=bA1;0,0=wB1;1,-2=wS1;1,0=wB2;2,-3=wG2;2,-1=wG1;2,1=bA3;2,2=wS2;3,-4=bB1;3,-1=wQ;3,0=bS2
0	52	0.000000	adjudicated	G1|w|52|26|26|-4,-1=bQ;-4,0=wG3;-4,1=wA1;-3,0=wA3;-3,2=bA2;-2,-1=wA2;-2,0=bG1;-2,1=bS1;-2,2=bG3;-1,-2=bB2;0,-2=bG2;0,-1=bA1;0,0=wB1;1,-2=wS1;1,0=wB2;2,-3=wG2;2,-1=wG1;2,1=bA3;2,2=wS2;3,-4=bB1;3,-1=wQ;3,0=bS2
0	54	0.000000	adjudicated	G1|w|54|27|27|-5,0=wA1;-4,-1=bQ;-4,0=wG3;-3,0=wA3;-2,-1=wA2;-2,0=bG1;-2,1=bS1;-2,2=bG3;-1,-2=bB2;0,-2=bG2;0,-1=bA1;0,0=wB1;1,-2=wS1;1,0=wB2;2,-3=wG2;2,-1=wG1;2,1=bA3;2,2=wS2;3,-4=bB1;3,-1=wQ;3,0=bS2;4,-1=bA2
0	56	0.000000	adjudicated	G1|w|56|28|28|-5,0=wA1;-4,-1=bQ;-4,0=wG3;-3,0=wA3;-2,-1=wA2;-2,0=bG1;-2,1=bS1;-2,2=bG3;-1,-2=bB2;0,-2=bG2;0,-1=bA1;0,0=wB1;1,-2=wS1;1,0=wB2;2,-3=wG2;2,-1=wG1;3,-4=bB1;3,-2=bA3;3,-1=wQ;3,0=bS2;4,-1=bA2;5,-1=wS2
0	58	0.000000	adjudicated	G1|w|58|29|29|-6,0=bA3;-5,0=wA1;-4,-1=bQ;-4,0=wG3;-3,0=wA3;-2,-1=wA2;-2,0=bG1;-2,1=bS1;-2,2=bG3;-1,-2=bB2;0,-2=bG2;0,-1=bA1;0,0=wB1;1,-2=wS1;1,0=wB2;2,-3=wG2;2,-1=wG1;2,1=wS2;3,-4=bB1;3,-1=wQ;3,0=bS2;4,-1=bA2
0	60	0.000000	adjudicated	G1|w|60|30|30|-5,0=wA1;-4,-1=bQ;-4,0=wG3;-3,0=wA3;-2,-1=wA2;-2,0=bG1;-2,1=bS1;-2,2=bG3;-1,-2=bB2;0,-2=bG2;0,-1=bA1;0,0=wB1;1,-2=wS1;1,0=wB2;2,-3=wG2;2,-1=wG1;3,-4=bB1;3,-1=wQ;3,0=bS2;4,-2=bA3;4,-1=bA2;5,-1=wS2
0	62	0.000000	adjudicated	G1|w|62|31|31|-4,-1=bQ;-4,0=wG3;-4,1=wA1;-3,0=wA3;-2,-1=wA2;-2,0=bG1;-2,1=bS1;-2,2=bG3;-1,-2=bB2;0,-2=bG2;0,-1=bA1;0,0=wB1;1,-2=wS1;1,0=wB2;2,-3=wG2;2,-1=wG1;2,0=bA3;3,-4=bB1;3,-1=wQ;3,0=bS2;4,-1=bA2;5,-1=wS2
0	64	0.000000	adjudicated	G1|w|64|32|32|-4,-1=bQ;-4,0=wG3;-4,1=wA1;-3,0=wA3;-2,-1=wA2;-2,0=bG1;-2,1=bS1;-2,2=bG3;-1,-2=bB2;0,-2=bG2;0,-1=bA1;0,0=wB1;1,-2=wS1;1,0=wB2;2,-3=wG2,bB1;2,-1=wG1;2,0=bA3;3,-2=wQ;3,0=bS2;4,-1=bA2;5,-1=wS2
0	66	0.000000	adjudicated	G1|w|66|33|33|-4,-1=bQ;-4,0=wG3;-3,-2=wA1;-3,0=wA3;-2,-1=wA2;-2,0=bG1;-2,1=bS1;-2,2=bG3;-1,-2=bB2;0,-2=bG2;0,-1=bA1;0,0=wB1;1,-2=wS1;1,0=wB2;2,-3=wG2;2,-2=bB1;2,-1=wG1;2,0=bA3;3,-2=wQ;3,0=bS2;4,-1=bA2;5,-1=wS2
0	68	0.000000	adjudicated	G1|w|68|34|34|-4,-1=bQ;-4,0=wG3;-3,-2=wA1;-3,0=wA3;-2,-2=bG3;-2,-1=wA2;-2,0=bG1;-2,1=bS1;-1,-2=bB2;0,-2=bG2;0,-1=bA1;0,0=wB1;1,-2=wS1;1,0=wB2;2,-4=wG1;2,-3=wG2;2,-2=bB1;2,0=bA3;3,-2=wQ;3,0=bS2;4,-1=bA2;5,-1=wS2
0	70	0.000000	adjudicated	G1|w|70|35|35|-5,1=bS1;-4,-2=wA3;-4,-1=bQ;-4,0=wG3;-3,-2=wA1;-2,-2=bG3;-2,-1=wA2;-2,0=bG1;-1,-2=bB2;0,-2=bG2;0,-1=bA1;0,0=wB1;1,-2=wS1;1,0=wB2;2,-4=wG1;2,-3=wG2;2,-2=bB1;2,0=bA3;3,-2=wQ;3,0=bS2;4,-1=bA2;5,-1=wS2
0	72	0.000000	adjudicated	G1|w|72|36|36|-5,1=bS1;-4,-2=wA3;-4,-1=bQ;-4,0=wG3;-3,-2=wA1;-2,-2=bG3;-2,-1=wA2;-2,0=bG1;-1,-2=bB2;0,-2=bG2;0,-1=bA1;0,0=wB1;1,-2=wS1;1,0=wB2;2,-4=wG1;2,-3=wG2;2,0=bA3;3,-2=bB1;3,0=bS2;4,-2=wQ;4,-1=bA2;5,-1=wS2
0	74	0.000000	adjudicated	G1|w|74|37|37|-4,-2=wA3;-4,-1=bQ;-4,0=wG3;-3,-2=wA1;-2,-2=bG3;-2,-1=wA2;-2,0=bG1;-2,1=bS1;-1,-2=bB2;0,-2=bG2;0,-1=bA1;0,0=wB1;1,-2=wS1;1,0=wB2;2,-4=wG1;2,-3=wG2;2,0=bA3;2,1=wS2;3,-2=bB1;3,0=bS2;4,-2=wQ;4,-1=bA2
0	76	0.000000	adjudicated	G1|w|76|38|38|-4,-2=wA3;-4,-1=bQ;-4,0=wG3;-3,-2=wA1;-2,-2=bG3;-2,-1=wA2;-2,0=bG1;-2,1=bS1;-1,-2=bB2;0,-2=bG2;0,-1=bA1;0,0=wB1;1,-2=wS1;1,0=wB2;2,-3=wG2;2,-2=wG1;2,0=bA3;2,1=wS2;3,-2=bB1;4,-2=wQ;4,-1=bA2;5,-2=bS2
0	78	0.000000	adjudicated	G1|w|78|39|39|-5,-1=wA3;-4,-1=bQ;-4,0=wG3;-3,-2=wA1;-2,-2=bG3;-2,-1=wA2;-2,0=bG1;-1,-2=bB2;0,-2=bG2;0,-1=bA1;0,0=wB1;1,-2=wS1;1,0=wB2;1,1=bS1;2,-3=wG2;2,-2=wG1;2,0=bA3;2,1=wS2;3,-2=bB1;4,-2=wQ;4,-1=bA2;5,-2=bS2
0	80	0.000000	adjudicated	G1|w|80|40|40|-5,-1=wA3;-4,-1=bQ;-4,0=wG3;-3,-2=wA1;-2,-2=bG3;-2,-1=wA2;-2,0=bG1;-1,-2=bB2;0,-2=bG2;0,-1=bA1;0,0=wB1;1,-2=wS1;1,0=wB2;1,1=bS1;2,-2=wG1;2,-1=wG2;2,0=bA3;2,1=wS2;3,-2=bB1;4,-2=wQ;5,-2=bS2;6,-2=bA2
0	82	0.000000	adjudicated	G1|w|82|41|41|-5,-1=wA3;-4,-2=wG1;-4,-1=bQ;-4,0=wG3;-3,-2=wA1;-2,-2=bG3;-2,-1=wA2;-2,0=bG1;-1,-2=bB2;0,-2=bG2;0,-1=bA1;0,0=wB1;1,-2=wS1;1,0=wB2;1,1=bS1;2,-1=wG2;2,0=bA3;2,1=wS2;3,-2=bB1;4,-2=wQ;5,-3=bA2;5,-2=bS2
0	84	0.000000	adjudicated	G1|w|84|42|42|-5,-1=wA3;-4,-2=wG1;-4,-1=bQ;-4,0=wG3;-3,-2=wA1;-2,-2=bG3;-2,-1=wA2;-2,0=bG1;-1,-2=bB2;0,-2=bG2;0,-1=bA1;0,0=wB1;1,-2=wS1;1,0=wB2;1,1=bS1;2,-1=wG2;3,-2=bB1;4,-2=wQ;4,-1=bA3;5,-3=bA2;5,-2=bS2;5,-1=wS2
0	86	0.000000	adjudicated	G1|w|86|43|43|-5,-1=wA3;-5,1=bA2;-4,-2=wG1;-4,-1=bQ;-4,0=wG3;-3,-2=wA1;-2,-2=bG3;-2,-1=wA2;-2,0=bG1;-1,-2=bB2;0,-2=bG2;0,-1=bA1;0,0=wB1;1,0=wB2;1,1=bS1;2,-1=wG2;3,-3=wS1;3,-2=bB1;4,-2=wQ;4,-1=bA3;5,-2=bS2;5,-1=wS2
0	88	0.000000	adjudicated	G1|w|88|44|44|-5,-1=wA3;-4,-2=wG1;-4,-1=bQ;-4,0=wG3;-3,-3=bA2;-3,-2=wA1;-2,-2=bG3;-2,-1=wA2;-2,0=bG1;-1,-2=bB2;0,-2=bG2;0,-1=bA1;0,0=wB1;1,0=wB2;1,1=bS1;2,-1=wG2;2,1=wS2;3,-3=wS1;3,-2=bB1;4,-2=wQ;4,-1=bA3;5,-2=bS2
0	90	0.000000	adjudicated	G1|w|90|45|45|-6,-1=bA2;-5,-1=wA3;-4,-2=wG1;-4,-1=bQ;-4,0=wG3;-3,-2=wA1;-2,-2=bG3;-2,-1=wA2;-2,0=bG1;-1,-2=bB2;0,-2=bG2;0,-1=bA1;0,0=wB1;1,0=wB2;1,1=bS1;2,-1=wG2;2,1=wS2;3,-2=bB1;4,-2=wQ;4,-1=bA3;5,-2=bS2;6,-3=wS1
0	92	0.000000	adjudicated	G1|w|92|46|46|-6,-1=bA2;-5,-2=bA3;-5,-1=wA3;-4,-2=wG1;-4,-1=bQ;-4,0=wG3;-3,-2=wA1;-2,-2=bG3;-2,-1=wA2;-2,0=bG1;-1,-2=bB2;0,-2=bG2;0,-1=bA1;0,0=wB1;1,0=wB2;1,1=bS1;2,-1=wG2;3,-2=bB1;3,-1=wS2;4,-2=wQ;5,-2=bS2;6,-3=wS1
0	94	0.000000	adjudicated	G1|w|94|47|47|-6,-1=bA2;-5,-1=wA3;-4,-2=wG1;-4,-1=bQ;-4,0=wG3;-3,-2=wA1;-2,-2=bG3;-2,-1=wA2;-2,0=bG1;-1,-2=bB2;0,-2=bG2;0,-1=bA1;0,0=wB1;1,0=wB2;1,1=bS1;2,-1=wG2;3,-2=bB1;3,-1=bA3;4,-2=wQ;5,-2=bS2;6,-3=wS1;6,-2=wS2
0	96	0.000000	adjudicated	G1|w|96|48|48|-5,-1=wA3;-4,-2=wG1;-4,-1=bQ;-4,0=wG3;-3,-2=wA1;-2,-2=bG3;-2,-1=wA2;-2,0=bG1;-1,-2=bB2;0,-2=bG2;0,-1=bA1;0,0=wB1;1,0=wB2;1,1=bS1;2,-1=wG2;3,-2=bB1;3,-1=bA3;3,0=wS2;4,-2=wQ;4,-1=bA2;5,-2=bS2;6,-3=wS1
1	0	1.000000	terminal	G1|w|0|0|0|
1	7	1.000000	terminal	G1|b|7|4|3|0,-3=wQ;0,-2=wG2;0,-1=wS1;0,0=wG1;0,1=bG1;0,2=bB1;1,1=bA1
1	9	1.000000	terminal	G1|b|9|5|4|-1,-2=wQ;-1,3=bQ;0,-2=wG2;0,-1=wS1;0,0=wG1;0,1=bG1;0,2=bB1;1,1=bA1
1	11	1.000000	terminal	G1|b|11|6|5|-1,-2=wQ;-1,-1=wG3;-1,3=bQ;0,-3=bA1;0,-2=wG2;0,-1=wS1;0,0=wG1;0,1=bG1;0,2=bB1
1	13	1.000000	terminal	G1|b|13|7|6|-1,-3=wQ;-1,-1=wG3;-1,3=bQ;0,-3=bA1;0,-2=wG2;0,-1=wS1;0,0=wG1;0,1=bG1;0,2=bB1;1,1=bS1
1	15	1.000000	terminal	G1|b|15|8|7|-1,-1=wG3;-1,3=bQ;0,-4=wQ;0,-3=bA1;0,-2=wG2;0,-1=wS1;0,0=wG1;0,1=bG1;0,2=bB1;1,1=bS1;1,2=bG2
1	17	1.000000	terminal	G1|b|17|9|8|-2,-1=wA1;-1,-1=wG3;-1,3=bQ;0,-4=wQ;0,-3=bA1;0,-2=wG2;0,-1=wS1;0,0=wG1;0,1=bG1;0,2=bB1;1,1=bS1;1,2=bG2;2,2=bG3
1	19	1.000000	terminal	G1|b|19|10|9|-2,-1=wA1;-2,0=wB1;-1,-1=wG3;-1,3=bQ;0,-4=wQ;0,-3=bA1;0,-2=wG2;0,-1=wS1;0,0=wG1;0,1=bG1;0,2=bB1;1,1=bS1;1,2=bG2;1,3=bA2;2,2=bG3
1	21	1.000000	terminal	G1|b|21|11|10|-2,0=wB1;-1,-1=wG3;-1,2=wA1;-1,3=bQ;0,-4=wQ;0,-3=bA1;0,-2=wG2;0,-1=wS1;0,0=wG1;0,1=bG1;0,2=bB1;1,-4=bA2;1,1=bS1;1,2=bG2;2,2=bG3
1	23	1.000000	terminal	G1|b|23|12|11|-2,0=wB1;-1,-3=wQ;-1,-1=wG3;-1,2=wA1;-1,3=bQ,bB1;0,-3=bA1;0,-2=wG2;0,-1=wS1;0,0=wG1;0,1=bG1;1,-4=bA2;1,1=bS1;1,2=bG2;2,2=bG3
1	25	1.000000	terminal	G1|b|25|13|12|-2,-3=bA2;-2,0=wB1;-1,-3=wQ;-1,-1=wG3;-1,0=wS2;-1,2=wA1;-1,3=bQ,bB1;0,-3=bA1;0,-2=wG2;0,-1=wS1;0,0=wG1;0,1=bG1;1,1=bS1;1,2=bG2;2,2=bG3
1	27	1.000000	terminal	G1|b|27|14|13|-2,-3=bA2;-2,0=wB1;-2,3=wS2;-1,-3=wQ;-1,-1=wG3;-1,2=wA1;-1,3=bQ,bB1;0,-3=bA1;0,-2=wG2;0,-1=wS1;0,0=wG1;0,1=bG1;1,1=bS1;1,2=bG2;2,2=bG3;3,1=bB2
1	29	1.000000	terminal	G1|b|29|15|14|-3,4=wA2;-2,-3=bA2;-2,0=wB1;-2,3=wS2;-1,-3=wQ;-1,-1=wG3;-1,2=wA1;-1,3=bQ,bB1;0,-3=bA1;0,-2=wG2;0,-1=wS1;0,0=wG1;0,1=bG1;1,1=bS1;1,2=bG2;2,2=bG3;3,0=bA3;3,1=bB2
1	31	1.000000	terminal	G1|b|31|16|15|-2,-3=bA2;-2,0=wB1;-2,3=wS2;-1,-3=wQ;-1,-2=bA3;-1,-1=wG3;-1,2=wA1;-1,3=bQ,bB1;0,-3=bA1;0,-2=wG2;0,-1=wS1;0,0=wG1;0,1=bG1;1,-1=wA2;1,1=bS1;1,2=bG2;2,2=bG3;3,1=bB2
1	33	1.000000	terminal	G1|b|33|17|16|-2,-3=bA2;-2,0=wB1;-2,3=wS2;-1,-3=wQ;-1,-1=wG3;-1,2=wA1;-1,3=bQ,bB1;0,-3=bA1;0,-2=wG2;0,-1=wS1;0,0=wG1;0,1=bG1;0,3=wA2;1,1=bS1;1,2=bG2;2,2=bG3;3,1=bB2;4,1=bA3
1	35	1.000000	terminal	G1|b|35|18|17|-3,4=bA2;-2,-1=wA3;-2,0=wB1;-2,3=wS2;-1,-3=wQ;-1,-1=wG3;-1,2=wA1;-1,3=bQ,bB1;0,-3=bA1;0,-2=wG2;0,-1=wS1;0,0=wG1;0,1=bG1;0,3=wA2;1,1=bS1;1,2=bG2;2,2=bG3;3,1=bB2;4,1=bA3
1	37	1.000000	terminal	G1|b|37|19|18|-4,5=bS2;-3,4=bA2;-2,0=wB1;-2,3=wS2;-2,4=wA3;-1,-3=wQ;-1,-1=wG3;-1,2=wA1;-1,3=bQ,bB1;0,-3=bA1;0,-2=wG2;0,-1=wS1;0,0=wG1;0,1=bG1;0,3=wA2;1,1=bS1;1,2=bG2;2,2=bG3;3,1=bB2;4,1=bA3
1	39	1.000000	terminal	G1|b|39|20|19|-4,5=bS2;-3,4=bA2;-2,0=wB1;-2,3=wS2;-2,4=wA3;-1,-4=wQ;-1,-1=wG3;-1,2=wA1;-1,3=bQ,bB1;0,-4=bA3;0,-3=bA1;0,-2=wG2;0,-1=wS1;0,0=wG1;0,1=bG1;0,3=wA2;1,1=bS1;1,2=bG2;2,2=bG3;3,1=bB2
1	41	1.000000	terminal	G1|b|41|21|20|-4,5=bS2;-3,4=bA2;-2,0=wB1;-2,3=wS2;-1,-4=wQ;-1,-1=wG3;-1,2=wA1;-1,3=bQ,bB1;0,-4=bA3;0,-3=bA1;0,-2=wG2;0,-1=wS1;0,0=wG1;0,1=bG1;0,3=wA2;1,-5=wA3;1,2=bG2;2,2=bG3;3,1=bB2;4,0=bS1
1	43	1.000000	terminal	G1|b|43|22|21|-4,5=bS2;-3,4=bA2;-2,0=wB1;-2,3=wS2;-2,4=wA3;-1,-4=wQ;-1,-1=wG3;-1,2=wA1;-1,3=bQ;0,-4=bA3;0,-3=bA1;0,-2=wG2;0,-1=wS1;0,0=wG1;0,1=bG1;0,3=wA2,bB1;1,2=bG2;2,2=bG3;3,1=bB2;4,0=bS1
1	45	1.000000	terminal	G1|b|45|23|22|-4,5=bS2;-3,4=bA2;-2,0=wB1;-2,3=wS2;-2,4=wA3;-2,5=wB2;-1,-4=wQ;-1,-1=wG3;-1,2=wA1;-1,3=bQ;0,-4=bA3;0,-3=bA1;0,-2=wG2;0,-1=wS1;0,0=wG1;0,1=bG1;0,3=wA2;1,2=bG2;1,3=bB1;2,2=bG3;3,1=bB2;4,0=bS1
1	47	1.000000	terminal	G1|b|47|24|23|-3,4=bA2;-2,0=wB1;-2,3=wS2;-2,4=wA3;-2,5=wB2;-2,6=bS2;-1,-1=wG3;-1,2=wA1;-1,3=bQ;0,-5=wQ;0,-4=bA3;0,-3=bA1;0,-2=wG2;0,-1=wS1;0,0=wG1;0,1=bG1;0,3=wA2;1,2=bG2;1,3=bB1;2,2=bG3;3,1=bB2;4,0=bS1
1	49	1.000000	terminal	G1|b|49|25|24|-2,0=wB1;-2,3=wS2;-2,4=wA3;-2,5=wB2;-2,6=bS2;-1,-4=wQ;-1,-1=wG3;-1,2=wA1;-1,3=bQ;0,-4=bA3;0,-3=bA1;0,-2=wG2;0,-1=wS1;0,0=wG1;0,1=bG1;0,3=wA2;1,-5=bA2;1,2=bG2;1,3=bB1;2,2=bG3;3,1=bB2;4,0=bS1
1	51	1.000000	terminal	G1|b|51|26|25|-2,-1=wB1;-2,3=wS2;-2,4=wA3;-2,5=wB2;-2,6=bS2;-1,-5=bA2;-1,-4=wQ;-1,-1=wG3;-1,2=wA1;-1,3=bQ;0,-4=bA3;0,-3=bA1;0,-2=wG2;0,-1=wS1;0,0=wG1;0,1=bG1;0,3=wA2;1,2=bG2;1,3=bB1;2,2=bG3;3,1=bB2;4,0=bS1
1	53	1.000000	terminal	G1|b|53|27|26|-2,3=wS2;-2,4=wA3;-2,5=wB2;-2,6=bS2;-1,-4=wQ;-1,-2=wB1;-1,-1=wG3;-1,2=wA1;-1,3=bQ;0,-4=bA3;0,-3=bA1;0,-2=wG2;0,-1=wS1;0,0=wG1;0,1=bG1;0,3=wA2;1,2=bG2;1,3=bB1;2,2=bG3;3,0=bA2;3,1=bB2;4,0=bS1
1	55	1.000000	terminal	G1|b|55|28|27|-2,-3=bA2;-2,0=wG2;-2,3=wS2;-2,4=wA3;-2,5=wB2;-2,6=bS2;-1,-4=wQ;-1,-2=wB1;-1,-1=wG3;-1,2=wA1;-1,3=bQ;0,-4=bA3;0,-3=bA1;0,-1=wS1;0,0=wG1;0,1=bG1;0,3=wA2;1,2=bG2;1,3=bB1;2,2=bG3;3,1=bB2;4,0=bS1
1	57	1.000000	terminal	G1|b|57|29|28|-2,-3=bA2;-2,3=wS2;-2,4=wA3;-2,5=wB2;-2,6=bS2;-1,-4=wQ;-1,-2=wB1;-1,-1=wG3;-1,2=wA1;-1,3=bQ;0,-4=bA3;0,-3=bA1;0,-2=wG2;0,-1=wS1;0,0=wG1;0,1=bG1;0,3=wA2;1,2=bG2,bB1;2,2=bG3;3,1=bB2;4,0=bS1
1	59	1.000000	terminal	G1|b|59|30|29|-2,-3=bA2;-2,3=wS2;-2,4=wA3;-2,5=wB2;-2,6=bS2;-1,-4=wQ;-1,-2=wB1;-1,-1=wG3;-1,2=wA1;-1,3=bQ;0,-4=bA3;0,-3=bA1;0,-1=wS1;0,0=wG1;0,1=bG1;0,2=wG2;0,3=wA2;1,2=bG2;1,3=bB1;2,2=bG3;3,1=bB2;4,0=bS1
1	61	1.000000	terminal	G1|b|61|31|30|-2,-3=bA2;-2,3=wS2;-2,4=wA3;-1,-4=wQ;-1,-2=wB1;-1,-1=wG3;-1,2=wA1;-1,3=bQ;-1,4=wB2;0,-4=bA3;0,-3=bA1;0,-1=wS1;0,0=wG1;0,1=bG1;0,2=wG2;0,3=wA2;0,4=bS2;1,2=bG2;1,3=bB1;2,2=bG3;3,1=bB2;4,0=bS1
2	0	1.000000	terminal	G1|w|0|0|0|
2	6	1.000000	terminal	G1|w|6|3|3|-3,1=bS1;-2,1=bB2;-1,0=bB1;0,0=wB1;0,1=wG1;1,0=wS1
2	8	1.000000	terminal	G1|w|8|4|4|-3,1=bS1;-2,1=bB2;-1,-1=bQ;-1,0=bB1;0,0=wB1;0,1=wG1;0,2=wQ;1,0=wS1
2	10	1.000000	terminal	G1|w|10|5|5|-3,0=bA1;-3,1=bS1;-2,1=bB2;-1,-1=bQ;-1,0=bB1;0,-2=wS1;0,0=wB1;0,1=wG1;0,2=wQ
2	12	1.000000	terminal	G1|w|12|6|6|-3,1=bS1;-2,1=bB2;-1,-1=bQ;-1,0=bB1;-1,2=bA1;0,-2=wS1;0,0=wB1;0,1=wG1;0,2=wQ;1,-3=wA1
2	14	1.000000	terminal	G1|w|14|7|7|-3,1=bS1;-2,0=wA1;-2,1=bB2;-2,2=bS2;-1,-1=bQ;-1,0=bB1;-1,2=bA1;0,-2=wS1;0,0=wB1;0,1=wG1;0,2=wQ
2	16	1.000000	terminal	G1|w|16|8|8|-3,1=bS1;-2,-1=bQ;-2,0=wA1;-2,1=bB2;-2,2=bS2;-1,0=bB1;-1,2=bA1;0,-2=wS1;0,-1=wG1;0,0=wB1;0,2=wQ
2	18	1.000000	terminal	G1|w|18|9|9|-4,1=bG1;-3,-1=wS1;-3,1=bS1;-2,-1=bQ;-2,0=wA1;-2,1=bB2;-2,2=bS2;-1,0=bB1;-1,2=bA1;0,-1=wG1;0,0=wB1;0,2=wQ
2	20	1.000000	terminal	G1|w|20|10|10|-4,1=bG1;-3,-1=wS1;-3,1=bS1;-3,2=bA2;-2,-1=bQ;-2,0=wA1;-2,1=bB2;-2,2=bS2;-1,0=bB1;-1,2=bA1;0,-1=wG1;0,0=wB1;0,2=wQ;1,-2=wB2
2	22	1.000000	terminal	G1|w|22|11|11|-4,1=bG1;-4,2=bA2;-3,-1=wS1;-3,1=bS1;-2,-1=bQ;-2,0=wA1;-2,1=bB2;-2,2=bS2;-1,0=bB1;-1,2=bA1;0,-2=wB2;0,-1=wG1;0,0=wB1;0,2=wQ
2	24	1.000000	terminal	G1|w|24|12|12|-4,1=bG1;-3,-1=wS1;-3,1=bS1;-2,-1=bQ;-2,0=wA1;-2,1=bB2;-2,2=bS2;-1,-2=wB2;-1,0=bB1;-1,2=bA1;0,-1=wG1;0,0=wB1;0,1=bA2;0,2=wQ
2	26	1.000000	terminal	G1|w|26|13|13|-4,1=bG1;-3,-1=wS1;-3,1=bS1;-2,-1=bQ;-2,0=wA1;-2,1=bB2;-1,-2=wB2;-1,0=bB1;-1,2=bA1;0,-1=wG1;0,0=wB1;0,1=bA2;0,2=bS2;1,1=wQ
2	28	1.000000	terminal	G1|w|28|14|14|-4,1=bG1;-3,-1=wS1;-3,1=bS1;-2,-1=bQ;-2,0=wA1;-2,1=bB2;-1,-2=wB2;-1,0=bB1;0,-1=wG1;0,0=wB1;0,1=bA2;0,2=bS2;1,1=bA1;1,2=wQ
2	30	1.000000	terminal	G1|w|30|15|15|-4,1=bG1;-3,-1=wS1;-3,1=bS1;-2,-1=bQ;-2,0=wA1;-2,1=bB2;-1,-2=wB2;-1,0=bB1;0,-1=wG1;0,0=wB1;0,1=bA2;0,2=bS2;0,3=wQ;0,4=bA1
2	32	1.000000	terminal	G1|w|32|16|16|-4,1=bG1;-3,-1=wS1;-3,1=bS1;-2,-1=bQ;-2,0=wA1,bB2;-1,-1=wB2;-1,0=bB1;0,-1=wG1;0,0=wB1;0,1=bA2;0,2=bS2;0,3=wQ;0,4=bA1
2	34	1.000000	terminal	G1|w|34|17|17|-4,-1=wG1;-4,1=bG1;-3,-1=wS1;-3,1=bS1;-2,-1=bQ;-2,0=wA1,bB2;-1,-1=wB2;-1,0=bB1;0,0=wB1;0,1=bA2;0,2=bS2;0,3=wQ;0,4=bA1;1,4=bA3
2	36	1.000000	terminal	G1|w|36|18|18|-4,-1=wG1;-4,1=bG1;-3,-1=wS1;-3,1=bS1;-2,-1=bQ;-2,0=wA1,bB2;-1,-1=wB2;-1,0=bB1;0,-2=wG2;0,0=wB1;0,1=bA2;0,2=bS2;0,3=wQ;0,4=bA1;1,3=bA3
2	38	1.000000	terminal	G1|w|38|19|19|-5,0=wG3;-4,-1=wG1;-4,1=bG1;-3,-1=wS1;-3,1=bS1;-2,-1=bQ;-2,0=wA1,bB2;-1,-1=wB2;-1,0=bB1;-1,5=bG2;0,-2=wG2;0,0=wB1;0,1=bA2;0,2=bS2;0,3=wQ;0,4=bA1;1,3=bA3
2	40	1.000000	terminal	G1|w|40|20|20|-5,0=wG3;-4,-1=wG1;-4,1=bG1;-4,2=wG2;-3,-1=wS1;-3,1=bS1;-2,-1=bQ,bB2;-2,0=wA1;-1,-1=wB2;-1,0=bB1;-1,5=bG2;0,0=wB1;0,1=bA2;0,2=bS2;0,3=wQ;0,4=bA1;1,3=bA3
2	42	1.000000	terminal	G1|w|42|21|21|-5,0=wG3;-4,-1=wG1;-4,1=bG1;-4,2=wG2;-3,-1=wS1;-3,1=bS1;-2,-1=bQ,bB2;-2,0=wA1;-2,5=bG3;-1,-1=wB2;-1,0=bB1;-1,5=bG2;0,0=wB1;0,1=bA2;0,2=bS2;0,3=wQ;0,4=bA1;1,-1=wS2;1,3=bA3
2	44	1.000000	terminal	G1|w|44|22|22|-5,0=wG3;-4,-1=wG1;-4,1=bG1;-4,2=wG2;-3,-1=wS1;-3,1=bS1;-2,-1=bQ,bB2;-2,0=wA1;-2,5=bG3;-1,-2=wS2;-1,-1=wB2;-1,0=bB1;-1,5=bG2;0,-2=bA3;0,0=wB1;0,1=bA2;0,2=bS2;0,3=wQ;0,4=bA1
2	46	1.000000	terminal	G1|w|46|23|23|-5,0=wG3;-4,-1=wG1;-4,1=bG1;-4,2=wG2;-3,-1=wS1;-3,1=bS1;-2,-1=bQ,bB2;-2,0=wA1;-2,5=bG3;-1,-3=wA2;-1,-2=wS2;-1,-1=wB2;-1,0=bB1;-1,3=bA3;-1,5=bG2;0,0=wB1;0,1=bA2;0,2=bS2;0,3=wQ;0,4=bA1
2	48	1.000000	terminal	G1|w|48|24|24|-5,0=wG3;-4,-1=wG1;-4,1=bG1;-4,2=wG2;-3,-1=wS1;-3,1=bS1;-2,-2=wA2;-2,-1=bQ,bB2;-2,0=wA1;-2,5=bG3;-2,6=bA3;-1,-2=wS2;-1,-1=wB2;-1,0=bB1;-1,5=bG2;0,0=wB1;0,1=bA2;0,2=bS2;0,3=wQ;0,4=bA1
2	50	1.000000	terminal	G1|w|50|25|25|-6,1=wA3;-5,0=wG3;-4,-1=wG1;-4,1=bG1;-4,2=wG2;-3,-1=wS1;-3,1=bS1;-2,-2=wA2;-2,-1=bQ,bB2;-2,0=wA1;-2,5=bG3;-1,-2=wS2;-1,-1=wB2;-1,0=bB1;-1,5=bG2;0,0=wB1;0,1=bA2;0,2=bS2;0,3=wQ;0,4=bA1;1,3=bA3
2	52	1.000000	terminal	G1|w|52|26|26|-5,0=wG3;-4,-1=wG1;-4,2=wG2;-4,3=bG1;-3,-1=wS1;-3,1=bS1;-3,5=wA3;-2,-2=wA2;-2,-1=bQ,bB2;-2,0=wA1;-2,5=bG3;-1,-2=wS2;-1,-1=wB2;-1,0=bB1;-1,5=bG2;0,0=wB1;0,1=bA2;0,2=bS2;0,3=wQ;0,4=bA1;1,3=bA3
3	0	1.000000	terminal	G1|w|0|0|0|
3	7	1.000000	terminal	G1|b|7|4|3|-1,1=wG1;0,0=wB1;0,1=wA1;1,-1=bS1;1,1=wQ;2,-2=bG1;3,-3=bS2
3	9	1.000000	terminal	G1|b|9|5|4|0,0=wB1;0,1=wA1;1,-1=bS1;1,1=wQ;2,-2=bG1;3,-4=bQ;3,-3=bS2;4,-4=wG1
3	11	1.000000	terminal	G1|b|11|6|5|-1,1=wB2;0,0=wB1;0,1=wA1;1,-1=bS1;1,1=wQ;2,-2=bG1;3,-3=bS2;4,-5=bQ;4,-4=wG1
3	13	1.000000	terminal	G1|b|13|7|6|-1,0=wA2;-1,1=wB2;0,0=wB1;0,1=wA1;1,-1=bS1;1,1=wQ;2,-2=bG1;2,-1=bB1;3,-3=bS2;4,-5=bQ;4,-4=wG1
3	15	1.000000	terminal	G1|b|15|8|7|-1,1=wB2;0,0=wB1;0,1=wA1;1,-1=bS1;1,1=wQ;2,-2=bG1;2,0=bB1;3,-3=bS2;4,-6=wA2;4,-5=bQ;4,-4=wG1
3	17	1.000000	terminal	G1|b|17|9|8|-1,1=wB2;0,0=wB1;1,-1=bS1;1,0=bB1;1,1=wQ;2,-2=bG1;3,-4=wA1;3,-3=bS2;4,-6=wA2;4,-5=bQ;4,-4=wG1
3	19	1.000000	terminal	G1|b|19|10|9|-1,1=wB2;0,0=wB1;1,-2=bB2;1,-1=bS1;1,0=bB1;1,1=wQ;2,-2=bG1;3,-3=bS2;4,-6=wA2;4,-5=bQ;4,-4=wG1;5,-5=wA1
3	21	1.000000	terminal	G1|b|21|11|10|-1,1=wB2;0,-2=bG2;0,0=wB1;1,-2=bB2;1,-1=bS1;1,0=bB1;1,1=wQ;2,-2=bG1;3,-3=bS2;4,-7=wG2;4,-6=wA2;4,-5=bQ;4,-4=wG1;5,-5=wA1
3	23	1.000000	terminal	G1|b|23|12|11|-2,1=wS1;-1,1=wB2;0,-3=bA1;0,-2=bG2;0,0=wB1;1,-2=bB2;1,-1=bS1;1,0=bB1;1,1=wQ;2,-2=bG1;3,-3=bS2;4,-7=wG2;4,-6=wA2;4,-5=bQ;4,-4=wG1;5,-5=wA1
3	25	1.000000	terminal	G1|b|25|13|12|-2,1=wS1;-1,1=wB2;0,-2=bG2;0,0=wB1;1,-2=bB2;1,-1=bS1;1,0=bB1;1,1=wQ;1,2=bA1;2,-2=bG1;3,-6=wG3;3,-3=bS2;4,-7=wG2;4,-6=wA2;4,-5=bQ;4,-4=wG1;5,-5=wA1
3	27	1.000000	terminal	G1|b|27|14|13|-2,1=wS1;-1,1=wB2;0,-2=bG2;0,0=wB1;1,-3=bA2;1,-2=bB2;1,-1=bS1;1,0=bB1;1,1=wQ;1,2=bA1;2,-2=bG1;3,-3=bS2;4,-7=wG2;4,-6=wA2;4,-5=bQ;4,-4=wG1;5,-6=wG3;5,-5=wA1
3	29	1.000000	terminal	G1|b|29|15|14|-2,1=wS1;-2,2=wA3;-1,-2=bA1;-1,1=wB2;0,-2=bG2;0,0=wB1;1,-3=bA2;1,-2=bB2;1,-1=bS1;1,0=bB1;1,1=wQ;2,-2=bG1;3,-3=bS2;4,-7=wG2;4,-6=wA2;4,-5=bQ;4,-4=wG1;5,-6=wG3;5,-5=wA1
3	31	1.000000	terminal	G1|b|31|16|15|-2,1=wS1;-2,2=wA3;-1,-2=bA1;-1,1=wB2;0,-2=bG2;0,0=wB1;1,-3=bA2;1,-2=bB2;1,-1=bS1;1,0=bB1;1,1=wQ;2,-2=bG1;3,-5=bQ;3,-3=bS2;4,-6=wA2;4,-5=wG2;4,-4=wG1;5,-6=wG3;5,-5=wA1
3	33	1.000000	terminal	G1|b|33|17|16|-2,1=wS1;-2,2=wA3;-1,-2=bA1;-1,1=wB2;0,-2=bG2;0,0=wB1;1,-2=bB2;1,-1=bS1;1,0=bB1;1,1=wQ;1,2=bA2;2,-2=bG1;3,-5=bQ;3,-3=bS2;3,-2=wA2;4,-5=wG2;4,-4=wG1;5,-6=wG3;5,-5=wA1
3	35	1.000000	terminal	G1|b|35|18|17|-2,1=wS1;-2,2=wA3;-1,1=wB2;0,-2=bG2;0,0=wB1;1,-2=bB2;1,-1=bS1;1,0=bB1;1,1=wQ;1,2=bA2;2,-2=bG1;2,0=bA1;3,-6=wA1;3,-5=bQ;3,-3=bS2;3,-2=wA2;4,-5=wG2;4,-4=wG1;5,-6=wG3
3	37	1.000000	terminal	G1|b|37|19|18|-2,1=wS1;-1,1=wB2;0,-2=bG2;0,0=wB1;0,3=bG3;1,-2=bB2;1,-1=bS1;1,0=bB1;1,1=wQ;1,2=bA2;2,-4=wA3;2,-2=bG1;2,0=bA1;3,-6=wA1;3,-5=bQ;3,-3=bS2;3,-2=wA2;4,-5=wG2;4,-4=wG1;5,-6=wG3
3	39	1.000000	terminal	G1|b|39|20|19|-2,1=wS1;-1,1=wB2;0,-2=bG2;0,0=wB1;0,2=wQ;1,-2=bB2;1,-1=bS1;1,0=bB1;1,2=bA2;2,-4=wA3;2,-2=bG1;2,0=bA1;2,1=bG3;3,-6=wA1;3,-5=bQ;3,-3=bS2;3,-2=wA2;4,-5=wG2;4,-4=wG1;5,-6=wG3
3	41	1.000000	terminal	G1|b|41|21|20|-2,1=wS1;-1,1=wB2;0,0=wB1;0,2=wQ;1,-2=bB2;1,-1=bS1;1,0=bB1;1,2=bA2;2,-4=wA3;2,-2=bG1;2,0=bA1;2,1=bG3;3,-6=wA1;3,-5=bQ;3,-4=wG3;3,-3=bS2;3,-2=wA2;4,-5=wG2;4,-4=wG1;4,-2=bG2
3	43	1.000000	terminal	G1|b|43|22|21|-2,1=wS1;-2,2=wG1;-1,1=wB2;0,-2=bA3;0,0=wB1;0,2=wQ;1,-2=bB2;1,-1=bS1;1,0=bB1;1,2=bA2;2,-4=wA3;2,-2=bG1;2,0=bA1;2,1=bG3;3,-6=wA1;3,-5=bQ;3,-4=wG3;3,-3=bS2;3,-2=wA2;4,-5=wG2;4,-2=bG2
3	45	1.000000	terminal	G1|b|45|23|22|-2,1=wS1;-1,1=wB2;-1,3=bA3;0,0=wB1;0,2=wQ;1,-2=bB2;1,-1=bS1;1,0=bB1;1,2=bA2;2,-4=wA3;2,-2=bG1;2,0=bA1;2,1=bG3;3,-6=wA1;3,-5=bQ;3,-4=wG3;3,-3=bS2;3,-2=wA2;4,-5=wG2;4,-4=wG1;4,-2=bG2
3	47	1.000000	terminal	G1|b|47|24|23|-2,1=wS1;-1,1=wB2;-1,3=bA3;0,0=wB1;0,2=wQ;1,-3=bB2;1,-1=bS1;1,0=bB1;1,2=bA2;2,-4=wA3;2,-2=bG1;2,0=bA1;2,1=bG3;3,-6=wA1;3,-5=bQ;3,-4=wG3;3,-3=bS2;3,-2=wA2;4,-6=wG1;4,-5=wG2;4,-2=bG2
3	49	1.000000	terminal	G1|b|49|25|24|-2,1=wS1;-1,1=wB2;-1,2=bA3;0,0=wB1;0,3=wQ;1,-3=bB2;1,-1=bS1;1,0=bB1;1,2=bA2;2,-4=wA3;2,-2=bG1;2,0=bA1;2,1=bG3;3,-6=wA1;3,-5=bQ;3,-4=wG3;3,-3=bS2;3,-2=wA2;4,-6=wG1;4,-5=wG2;4,-2=bG2
3	51	1.000000	terminal	G1|b|51|26|25|-2,0=wS2;-2,1=wS1;-1,1=wB2;0,0=wB1;0,3=wQ;0,4=bA3;1,-3=bB2;1,-1=bS1;1,0=bB1;1,2=bA2;2,-4=wA3;2,-2=bG1;2,0=bA1;2,1=bG3;3,-6=wA1;3,-5=bQ;3,-4=wG3;3,-3=bS2;3,-2=wA2;4,-6=wG1;4,-5=wG2;4,-2=bG2
3	53	1.000000	terminal	G1|b|53|27|26|-2,1=wS1;-1,1=wB2;-1,3=bA3;0,-2=wS2;0,0=wB1;0,3=wQ;1,-3=bB2;1,-1=bS1;1,0=bB1;1,2=bA2;2,-4=wA3;2,-2=bG1;2,0=bA1;2,1=bG3;3,-6=wA1;3,-5=bQ;3,-4=wG3;3,-3=bS2;3,-2=wA2;4,-6=wG1;4,-5=wG2;4,-2=bG2
3	55	1.000000	terminal	G1|b|55|28|27|-2,1=wS1;-1,1=wB2;0,0=wB1;0,2=bA3;0,3=wQ;1,-3=bB2;1,-1=bS1;1,0=bB1;1,2=bA2;2,-5=wS2;2,-4=wA3;2,-2=bG1;2,0=bA1;2,1=bG3;3,-6=wA1;3,-5=bQ;3,-4=wG3;3,-3=bS2;3,-2=wA2;4,-6=wG1;4,-5=wG2;4,-2=bG2
